Location,Date,Temperature
Trichy,28/05/2023,27.27
Trichy,29/05/2023,30.14
Trichy,30/05/2023,30.06
Trichy,31/05/2023,31.52
Trichy,01/06/2023,28.34
Trichy,02/06/2023,28.45
Trichy,03/06/2023,28.36
Trichy,04/06/2023,27.65
Trichy,05/06/2023,24.27
Trichy,06/06/2023,31.4
Trichy,07/06/2023,31.13
Trichy,08/06/2023,26.45
Trichy,09/06/2023,28.64
Trichy,10/06/2023,28.01
Trichy,11/06/2023,28.09
Trichy,12/06/2023,25.22
Trichy,13/06/2023,28.24
Trichy,14/06/2023,30.69
Trichy,15/06/2023,34.62
Trichy,16/06/2023,30.29
Trichy,17/06/2023,29.74
Trichy,18/06/2023,28.47
Trichy,19/06/2023,28.3
Trichy,20/06/2023,31.39
Trichy,21/06/2023,30.08
Trichy,22/06/2023,28.23
Trichy,23/06/2023,27.46
Trichy,24/06/2023,29.17
Trichy,25/06/2023,28.43
Trichy,26/06/2023,29.49
Trichy,27/06/2023,29.04
Trichy,28/06/2023,30.28
Trichy,29/06/2023,26.97
Trichy,30/06/2023,31.68
Trichy,01/07/2023,35.05
Trichy,02/07/2023,31.89
Trichy,03/07/2023,29.94
Trichy,04/07/2023,31.26
Trichy,05/07/2023,27.48
Trichy,06/07/2023,26.33
Trichy,07/07/2023,31.05
Trichy,08/07/2023,28.42
Trichy,09/07/2023,26.8
Trichy,10/07/2023,27.74
Trichy,11/07/2023,27.24
Trichy,12/07/2023,29.77
Trichy,13/07/2023,30.66
Trichy,14/07/2023,31.27
Trichy,15/07/2023,31.29
Trichy,16/07/2023,31.01
Trichy,17/07/2023,29.08
Trichy,18/07/2023,28.25
Trichy,19/07/2023,26.48
Trichy,20/07/2023,31.7
Trichy,21/07/2023,29.14
Trichy,22/07/2023,28.68
Trichy,23/07/2023,31.86
Trichy,24/07/2023,27.7
Trichy,25/07/2023,31.17
Trichy,26/07/2023,30.09
Trichy,27/07/2023,27.42
Trichy,28/07/2023,29.35
Trichy,29/07/2023,31.44
Trichy,30/07/2023,31.09
Trichy,31/07/2023,32.49
Trichy,01/08/2023,30.17
Trichy,02/08/2023,36.24
Trichy,03/08/2023,27.66
Trichy,04/08/2023,28.7
Trichy,05/08/2023,29.38
Trichy,06/08/2023,26.66
Trichy,07/08/2023,31.58
Trichy,08/08/2023,31.31
Trichy,09/08/2023,29.54
Trichy,10/08/2023,28.43
Trichy,11/08/2023,26.51
Trichy,12/08/2023,27.92
Trichy,13/08/2023,30.99
Trichy,14/08/2023,29.07
Trichy,15/08/2023,28.64
Trichy,16/08/2023,30.5
Trichy,17/08/2023,31.81
Trichy,18/08/2023,30.01
Trichy,19/08/2023,30.13
Trichy,20/08/2023,32.24
Trichy,21/08/2023,29.85
Trichy,22/08/2023,28.88
Trichy,23/08/2023,30.84
Trichy,24/08/2023,28.98
Trichy,25/08/2023,28.76
Trichy,26/08/2023,32.05
Trichy,27/08/2023,28.91
Trichy,28/08/2023,24.19
Trichy,29/08/2023,30.19
Trichy,30/08/2023,28.71
Trichy,31/08/2023,28.92
Trichy,01/09/2023,30.4
Trichy,02/09/2023,29.17
Trichy,03/09/2023,29.93
Trichy,04/09/2023,25.45
Trichy,05/09/2023,27.61
Trichy,06/09/2023,32.31
Trichy,07/09/2023,29.46
Trichy,08/09/2023,26.15
Trichy,09/09/2023,27.35
Trichy,10/09/2023,27.51
Trichy,11/09/2023,29.7
Trichy,12/09/2023,28.63
Trichy,13/09/2023,28.18
Trichy,14/09/2023,29.51
Trichy,15/09/2023,30.45
Trichy,16/09/2023,28.98
Trichy,17/09/2023,28.35
Trichy,18/09/2023,28.66
Trichy,19/09/2023,30.18
Trichy,20/09/2023,29.48
Trichy,21/09/2023,31.03
Trichy,22/09/2023,27.2
Trichy,23/09/2023,27.95
Trichy,24/09/2023,31.04
Trichy,25/09/2023,27.89
Trichy,26/09/2023,32.27
Trichy,27/09/2023,32.31
Trichy,28/09/2023,32.28
Trichy,29/09/2023,27.74
Trichy,30/09/2023,29.65
Trichy,01/10/2023,28.51
Trichy,02/10/2023,31.34
Trichy,03/10/2023,32.91
Trichy,04/10/2023,31.25
Trichy,05/10/2023,29.52
Trichy,06/10/2023,28.77
Trichy,07/10/2023,30.8
Trichy,08/10/2023,27.05
Trichy,09/10/2023,30.57
Trichy,10/10/2023,27.67
Trichy,11/10/2023,30.74
Trichy,12/10/2023,29.18
Trichy,13/10/2023,28.72
Trichy,14/10/2023,27.73
Trichy,15/10/2023,28.78
Trichy,16/10/2023,30.61
Trichy,17/10/2023,31.59
Trichy,18/10/2023,30.55
Trichy,19/10/2023,32.23
Trichy,20/10/2023,34.58
Trichy,21/10/2023,28.85
Trichy,22/10/2023,29.09
Trichy,23/10/2023,26.62
Trichy,24/10/2023,31.88
Trichy,25/10/2023,32.1
Trichy,26/10/2023,27.76
Trichy,27/10/2023,30.73
Trichy,28/10/2023,31.93
Trichy,29/10/2023,29.95
Trichy,30/10/2023,31.19
Trichy,31/10/2023,29.85
Trichy,01/11/2023,27.06
Trichy,02/11/2023,31.6
Trichy,03/11/2023,32.15
Trichy,04/11/2023,30.97
Trichy,05/11/2023,27.59
Trichy,06/11/2023,28.0
Trichy,07/11/2023,27.24
Trichy,08/11/2023,31.04
Trichy,09/11/2023,32.03
Trichy,10/11/2023,30.35
Trichy,11/11/2023,31.38
Trichy,12/11/2023,27.76
Trichy,13/11/2023,29.79
Trichy,14/11/2023,26.76
Trichy,15/11/2023,27.95
Trichy,16/11/2023,31.26
Trichy,17/11/2023,29.02
Trichy,18/11/2023,31.92
Trichy,19/11/2023,30.57
Trichy,20/11/2023,34.97
Trichy,21/11/2023,29.69
Trichy,22/11/2023,26.69
Trichy,23/11/2023,29.43
Trichy,24/11/2023,27.57
Trichy,25/11/2023,31.45
Trichy,26/11/2023,29.58
Trichy,27/11/2023,29.22
Trichy,28/11/2023,29.25
Trichy,29/11/2023,30.98
Trichy,30/11/2023,28.59
Trichy,01/12/2023,31.05
Trichy,02/12/2023,31.59
Trichy,03/12/2023,28.81
Trichy,04/12/2023,27.65
Trichy,05/12/2023,28.47
Trichy,06/12/2023,30.92
Trichy,07/12/2023,29.68
Trichy,08/12/2023,30.76
Trichy,09/12/2023,33.02
Trichy,10/12/2023,29.96
Trichy,11/12/2023,27.88
Trichy,12/12/2023,31.61
Trichy,13/12/2023,29.6
Trichy,14/12/2023,31.24
Trichy,15/12/2023,31.63
Trichy,16/12/2023,27.58
Trichy,17/12/2023,32.26
Trichy,18/12/2023,31.31
Trichy,19/12/2023,28.29
Trichy,20/12/2023,30.11
Trichy,21/12/2023,30.01
Trichy,22/12/2023,29.55
Trichy,23/12/2023,31.24
Trichy,24/12/2023,32.37
Trichy,25/12/2023,29.51
Trichy,26/12/2023,32.16
Trichy,27/12/2023,31.47
Trichy,28/12/2023,29.96
Trichy,29/12/2023,29.85
Trichy,30/12/2023,27.19
Trichy,31/12/2023,26.5
Trichy,01/01/2024,29.83
Trichy,02/01/2024,27.79
Trichy,03/01/2024,29.42
Trichy,04/01/2024,28.43
Trichy,05/01/2024,25.92
Trichy,06/01/2024,30.21
Trichy,07/01/2024,28.67
Trichy,08/01/2024,29.66
Trichy,09/01/2024,27.71
Trichy,10/01/2024,28.83
Trichy,11/01/2024,32.62
Trichy,12/01/2024,29.76
Trichy,13/01/2024,30.6
Trichy,14/01/2024,26.96
Trichy,15/01/2024,34.28
Trichy,16/01/2024,33.18
Trichy,17/01/2024,32.23
Trichy,18/01/2024,31.16
Trichy,19/01/2024,29.53
Trichy,20/01/2024,30.38
Trichy,21/01/2024,31.59
Trichy,22/01/2024,28.24
Trichy,23/01/2024,28.61
Trichy,24/01/2024,26.16
Trichy,25/01/2024,27.95
Trichy,26/01/2024,32.82
Trichy,27/01/2024,28.83
Trichy,28/01/2024,28.86
Trichy,29/01/2024,30.13
Trichy,30/01/2024,26.27
Trichy,31/01/2024,31.39
Trichy,01/02/2024,32.03
Trichy,02/02/2024,30.25
Trichy,03/02/2024,32.8
Trichy,04/02/2024,26.84
Trichy,05/02/2024,33.19
Trichy,06/02/2024,28.04
Trichy,07/02/2024,26.94
Trichy,08/02/2024,29.02
Trichy,09/02/2024,33.24
Trichy,10/02/2024,29.46
Trichy,11/02/2024,27.63
Trichy,12/02/2024,26.91
Trichy,13/02/2024,29.29
Trichy,14/02/2024,25.51
Trichy,15/02/2024,26.9
Trichy,16/02/2024,32.58
Trichy,17/02/2024,32.14
Trichy,18/02/2024,29.24
Trichy,19/02/2024,28.57
Trichy,20/02/2024,29.62
Trichy,21/02/2024,34.19
Trichy,22/02/2024,30.31
Trichy,23/02/2024,31.32
Trichy,24/02/2024,29.09
Trichy,25/02/2024,29.62
Trichy,26/02/2024,30.79
Trichy,27/02/2024,29.75
Trichy,28/02/2024,25.7
Trichy,29/02/2024,32.06
Trichy,01/03/2024,28.27
Trichy,02/03/2024,33.72
Trichy,03/03/2024,30.87
Trichy,04/03/2024,29.64
Trichy,05/03/2024,30.38
Trichy,06/03/2024,29.28
Trichy,07/03/2024,28.53
Trichy,08/03/2024,29.91
Trichy,09/03/2024,31.27
Trichy,10/03/2024,28.57
Trichy,11/03/2024,28.25
Trichy,12/03/2024,28.79
Trichy,13/03/2024,31.4
Trichy,14/03/2024,32.4
Trichy,15/03/2024,30.22
Trichy,16/03/2024,30.66
Trichy,17/03/2024,28.24
Trichy,18/03/2024,31.25
Trichy,19/03/2024,30.6
Trichy,20/03/2024,28.08
Trichy,21/03/2024,25.92
Trichy,22/03/2024,27.06
Trichy,23/03/2024,28.16
Trichy,24/03/2024,31.82
Trichy,25/03/2024,32.6
Trichy,26/03/2024,28.62
Trichy,27/03/2024,28.68
Trichy,28/03/2024,30.02
Trichy,29/03/2024,29.52
Trichy,30/03/2024,31.36
Trichy,31/03/2024,28.45
Trichy,01/04/2024,31.4
Trichy,02/04/2024,29.02
Trichy,03/04/2024,31.21
Trichy,04/04/2024,28.96
Trichy,05/04/2024,28.27
Trichy,06/04/2024,33.32
Trichy,07/04/2024,31.63
Trichy,08/04/2024,25.91
Trichy,09/04/2024,28.6
Trichy,10/04/2024,31.91
Trichy,11/04/2024,27.1
Trichy,12/04/2024,31.04
Trichy,13/04/2024,30.83
Trichy,14/04/2024,28.1
Trichy,15/04/2024,29.48
Trichy,16/04/2024,25.32
Trichy,17/04/2024,33.04
Trichy,18/04/2024,28.88
Trichy,19/04/2024,31.11
Trichy,20/04/2024,30.73
Trichy,21/04/2024,32.21
Trichy,22/04/2024,28.63
Trichy,23/04/2024,29.91
Trichy,24/04/2024,30.62
Trichy,25/04/2024,31.24
Trichy,26/04/2024,31.81
Trichy,27/04/2024,28.54
Trichy,28/04/2024,28.17
Trichy,29/04/2024,32.22
Trichy,30/04/2024,25.42
Trichy,01/05/2024,32.64
Trichy,02/05/2024,28.89
Trichy,03/05/2024,29.49
Trichy,04/05/2024,28.13
Trichy,05/05/2024,29.4
Trichy,06/05/2024,32.04
Trichy,07/05/2024,31.04
Trichy,08/05/2024,30.48
Trichy,09/05/2024,29.68
Trichy,10/05/2024,26.61
Trichy,11/05/2024,27.81
Trichy,12/05/2024,28.81
Trichy,13/05/2024,30.41
Trichy,14/05/2024,29.64
Trichy,15/05/2024,31.47
Trichy,16/05/2024,30.45
Trichy,17/05/2024,29.61
Trichy,18/05/2024,34.05
Trichy,19/05/2024,30.31
Trichy,20/05/2024,28.63
Trichy,21/05/2024,33.22
Trichy,22/05/2024,31.9
Trichy,23/05/2024,33.13
Trichy,24/05/2024,29.28
Trichy,25/05/2024,31.45
Trichy,26/05/2024,26.59
Trichy,27/05/2024,31.07
Trichy,28/05/2024,29.18
Trichy,29/05/2024,26.79
Trichy,30/05/2024,31.56
Trichy,31/05/2024,25.88
Trichy,01/06/2024,25.67
Trichy,02/06/2024,30.22
Trichy,03/06/2024,30.64
Trichy,04/06/2024,31.44
Trichy,05/06/2024,30.98
Trichy,06/06/2024,32.45
Trichy,07/06/2024,30.9
Trichy,08/06/2024,29.23
Trichy,09/06/2024,29.35
Trichy,10/06/2024,28.93
Trichy,11/06/2024,30.09
Trichy,12/06/2024,27.3
Trichy,13/06/2024,30.18
Trichy,14/06/2024,29.33
Trichy,15/06/2024,30.05
Trichy,16/06/2024,30.06
Trichy,17/06/2024,24.59
Trichy,18/06/2024,27.7
Trichy,19/06/2024,29.28
Trichy,20/06/2024,29.39
Trichy,21/06/2024,30.02
Trichy,22/06/2024,30.1
Trichy,23/06/2024,32.53
Trichy,24/06/2024,30.12
Trichy,25/06/2024,28.87
Trichy,26/06/2024,26.3
Trichy,27/06/2024,26.76
Trichy,28/06/2024,30.57
Trichy,29/06/2024,31.62
Trichy,30/06/2024,32.58
Trichy,01/07/2024,27.84
Trichy,02/07/2024,28.89
Trichy,03/07/2024,29.98
Trichy,04/07/2024,33.59
Trichy,05/07/2024,29.73
Trichy,06/07/2024,32.6
Trichy,07/07/2024,29.84
Trichy,08/07/2024,31.8
Trichy,09/07/2024,31.55
Trichy,10/07/2024,29.83
Trichy,11/07/2024,27.46
Trichy,12/07/2024,28.96
Trichy,13/07/2024,32.48
Trichy,14/07/2024,31.25
Trichy,15/07/2024,28.63
Trichy,16/07/2024,28.81
Trichy,17/07/2024,26.04
Trichy,18/07/2024,32.39
Trichy,19/07/2024,31.27
Trichy,20/07/2024,29.22
Trichy,21/07/2024,29.9
Trichy,22/07/2024,25.16
Trichy,23/07/2024,28.52
Trichy,24/07/2024,32.17
Trichy,25/07/2024,31.46
Trichy,26/07/2024,30.16
Trichy,27/07/2024,29.47
Trichy,28/07/2024,31.09
Trichy,29/07/2024,28.94
Trichy,30/07/2024,26.17
Trichy,31/07/2024,29.49
Trichy,01/08/2024,30.3
Trichy,02/08/2024,31.74
Trichy,03/08/2024,26.62
Trichy,04/08/2024,29.25
Trichy,05/08/2024,29.35
Trichy,06/08/2024,27.3
Trichy,07/08/2024,30.47
Trichy,08/08/2024,30.99
Trichy,09/08/2024,28.92
Trichy,10/08/2024,33.61
Trichy,11/08/2024,28.86
Trichy,12/08/2024,28.6
Trichy,13/08/2024,28.55
Trichy,14/08/2024,27.87
Trichy,15/08/2024,28.38
Trichy,16/08/2024,26.63
Trichy,17/08/2024,29.12
Trichy,18/08/2024,29.61
Trichy,19/08/2024,24.93
Trichy,20/08/2024,29.29
Trichy,21/08/2024,29.58
Trichy,22/08/2024,30.53
Trichy,23/08/2024,31.91
Trichy,24/08/2024,31.2
Trichy,25/08/2024,28.26
Trichy,26/08/2024,28.03
Trichy,27/08/2024,30.66
Trichy,28/08/2024,28.4
Trichy,29/08/2024,27.04
Trichy,30/08/2024,34.25
Trichy,31/08/2024,28.88
Trichy,01/09/2024,28.25
Trichy,02/09/2024,25.11
Trichy,03/09/2024,31.2
Trichy,04/09/2024,27.52
Trichy,05/09/2024,29.56
Trichy,06/09/2024,31.44
Trichy,07/09/2024,27.55
Trichy,08/09/2024,29.66
Trichy,09/09/2024,32.55
Trichy,10/09/2024,24.58
Trichy,11/09/2024,27.88
Trichy,12/09/2024,27.69
Trichy,13/09/2024,29.12
Trichy,14/09/2024,29.4
Trichy,15/09/2024,27.38
Trichy,16/09/2024,28.19
Trichy,17/09/2024,27.95
Trichy,18/09/2024,28.8
Trichy,19/09/2024,29.93
Trichy,20/09/2024,31.32
Trichy,21/09/2024,31.61
Trichy,22/09/2024,30.81
Trichy,23/09/2024,27.75
Trichy,24/09/2024,29.49
Trichy,25/09/2024,34.25
Trichy,26/09/2024,31.53
Trichy,27/09/2024,28.62
Trichy,28/09/2024,32.66
Trichy,29/09/2024,28.72
Trichy,30/09/2024,28.16
Trichy,01/10/2024,32.29
Trichy,02/10/2024,26.88
Trichy,03/10/2024,25.67
Trichy,04/10/2024,31.38
Trichy,05/10/2024,29.55
Trichy,06/10/2024,29.75
Trichy,07/10/2024,28.78
Trichy,08/10/2024,29.02
Trichy,09/10/2024,28.58
Trichy,10/10/2024,28.25
Trichy,11/10/2024,28.73
Trichy,12/10/2024,28.67
Trichy,13/10/2024,27.84
Trichy,14/10/2024,28.41
Trichy,15/10/2024,24.49
Trichy,16/10/2024,30.87
Trichy,17/10/2024,30.28
Trichy,18/10/2024,29.33
Trichy,19/10/2024,29.97
Trichy,20/10/2024,30.05
Trichy,21/10/2024,28.05
Trichy,22/10/2024,28.43
Trichy,23/10/2024,30.55
Trichy,24/10/2024,29.91
Trichy,25/10/2024,33.58
Trichy,26/10/2024,32.74
Trichy,27/10/2024,31.36
Trichy,28/10/2024,27.97
Trichy,29/10/2024,28.37
Trichy,30/10/2024,27.49
Trichy,31/10/2024,30.06
Trichy,01/11/2024,24.02
Trichy,02/11/2024,28.58
Trichy,03/11/2024,28.88
Trichy,04/11/2024,26.45
Trichy,05/11/2024,31.09
Trichy,06/11/2024,27.22
Trichy,07/11/2024,30.03
Trichy,08/11/2024,35.07
Trichy,09/11/2024,26.28
Trichy,10/11/2024,29.2
Trichy,11/11/2024,28.68
Trichy,12/11/2024,28.29
Trichy,13/11/2024,31.02
Trichy,14/11/2024,31.71
Trichy,15/11/2024,31.04
Trichy,16/11/2024,28.05
Trichy,17/11/2024,34.37
Trichy,18/11/2024,25.96
Trichy,19/11/2024,27.43
Trichy,20/11/2024,29.84
Trichy,21/11/2024,29.68
Trichy,22/11/2024,30.47
Trichy,23/11/2024,32.66
Trichy,24/11/2024,29.26
Trichy,25/11/2024,29.73
Trichy,26/11/2024,28.31
Trichy,27/11/2024,30.67
Trichy,28/11/2024,28.86
Trichy,29/11/2024,28.86
Trichy,30/11/2024,30.59
Trichy,01/12/2024,31.57
Trichy,02/12/2024,25.08
Trichy,03/12/2024,30.22
Trichy,04/12/2024,28.96
Trichy,05/12/2024,31.39
Trichy,06/12/2024,29.0
Trichy,07/12/2024,32.1
Trichy,08/12/2024,28.15
Trichy,09/12/2024,25.04
Trichy,10/12/2024,31.6
Trichy,11/12/2024,27.81
Trichy,12/12/2024,26.34
Trichy,13/12/2024,29.53
Trichy,14/12/2024,29.02
Trichy,15/12/2024,31.14
Trichy,16/12/2024,31.28
Trichy,17/12/2024,29.69
Trichy,18/12/2024,27.73
Trichy,19/12/2024,30.07
Trichy,20/12/2024,29.83
Trichy,21/12/2024,30.64
Trichy,22/12/2024,27.75
Trichy,23/12/2024,28.7
Trichy,24/12/2024,30.52
Trichy,25/12/2024,31.99
Trichy,26/12/2024,31.43
Trichy,27/12/2024,29.66
Trichy,28/12/2024,28.52
Trichy,29/12/2024,30.31
Trichy,30/12/2024,27.32
Trichy,31/12/2024,27.86
Trichy,01/01/2025,32.52
Trichy,02/01/2025,30.3
Trichy,03/01/2025,28.8
Trichy,04/01/2025,31.16
Trichy,05/01/2025,32.07
Trichy,06/01/2025,28.61
Trichy,07/01/2025,28.64
Trichy,08/01/2025,28.39
Trichy,09/01/2025,31.43
Trichy,10/01/2025,31.45
Trichy,11/01/2025,32.27
Trichy,12/01/2025,31.52
Trichy,13/01/2025,26.23
Trichy,14/01/2025,30.06
Trichy,15/01/2025,27.38
Trichy,16/01/2025,28.47
Trichy,17/01/2025,29.84
Trichy,18/01/2025,31.17
Trichy,19/01/2025,27.72
Trichy,20/01/2025,24.85
Trichy,21/01/2025,29.86
Trichy,22/01/2025,34.79
Trichy,23/01/2025,29.09
Trichy,24/01/2025,29.59
Trichy,25/01/2025,33.06
Trichy,26/01/2025,30.68
Trichy,27/01/2025,29.93
Trichy,28/01/2025,30.38
Trichy,29/01/2025,30.0
Trichy,30/01/2025,27.22
Trichy,31/01/2025,26.82
Trichy,01/02/2025,33.27
Trichy,02/02/2025,29.87
Trichy,03/02/2025,29.7
Trichy,04/02/2025,29.32
Trichy,05/02/2025,31.06
Trichy,06/02/2025,34.58
Trichy,07/02/2025,30.55
Trichy,08/02/2025,28.32
Trichy,09/02/2025,29.23
Trichy,10/02/2025,31.64
Trichy,11/02/2025,28.33
Trichy,12/02/2025,31.2
Trichy,13/02/2025,24.86
Trichy,14/02/2025,29.04
Trichy,15/02/2025,30.75
Trichy,16/02/2025,32.04
Trichy,17/02/2025,27.86
Trichy,18/02/2025,26.49
Trichy,19/02/2025,28.98
Trichy,20/02/2025,27.25
Trichy,21/02/2025,29.2
Trichy,22/02/2025,29.48
Trichy,23/02/2025,26.86
Trichy,24/02/2025,31.11
Trichy,25/02/2025,29.18
Trichy,26/02/2025,31.66
Trichy,27/02/2025,25.81
Trichy,28/02/2025,27.46
Trichy,01/03/2025,30.53
Trichy,02/03/2025,27.9
Trichy,03/03/2025,29.17
Trichy,04/03/2025,29.5
Trichy,05/03/2025,29.81
Trichy,06/03/2025,28.14
Trichy,07/03/2025,29.8
Trichy,08/03/2025,27.93
Trichy,09/03/2025,30.85
Trichy,10/03/2025,29.27
Trichy,11/03/2025,29.81
Trichy,12/03/2025,34.64
Trichy,13/03/2025,27.28
Trichy,14/03/2025,32.28
Trichy,15/03/2025,24.18
Trichy,16/03/2025,25.34
Trichy,17/03/2025,27.02
Trichy,18/03/2025,27.14
Trichy,19/03/2025,29.91
Trichy,20/03/2025,30.08
Trichy,21/03/2025,28.99
Trichy,22/03/2025,29.2
Trichy,23/03/2025,30.55
Trichy,24/03/2025,31.16
Trichy,25/03/2025,26.85
Trichy,26/03/2025,28.77
Trichy,27/03/2025,29.36
Trichy,28/03/2025,30.47
Trichy,29/03/2025,27.95
Trichy,30/03/2025,29.32
Trichy,31/03/2025,29.56
Trichy,01/04/2025,28.09
Trichy,02/04/2025,28.04
Trichy,03/04/2025,29.7
Trichy,04/04/2025,29.24
Trichy,05/04/2025,30.5
Trichy,06/04/2025,27.39
Trichy,07/04/2025,28.8
Trichy,08/04/2025,29.04
Trichy,09/04/2025,31.13
Trichy,10/04/2025,27.62
Trichy,11/04/2025,29.97
Trichy,12/04/2025,30.0
Trichy,13/04/2025,32.79
Trichy,14/04/2025,27.48
Trichy,15/04/2025,28.18
Trichy,16/04/2025,27.62
Trichy,17/04/2025,26.16
Trichy,18/04/2025,33.03
Trichy,19/04/2025,27.02
Trichy,20/04/2025,27.87
Trichy,21/04/2025,32.13
Trichy,22/04/2025,25.99
Trichy,23/04/2025,31.01
Trichy,24/04/2025,26.67
Trichy,25/04/2025,31.99
Trichy,26/04/2025,25.16
Trichy,27/04/2025,25.99
Trichy,28/04/2025,28.41
Trichy,29/04/2025,31.44
Trichy,30/04/2025,29.44
Trichy,01/05/2025,28.83
Trichy,02/05/2025,32.19
Trichy,03/05/2025,33.81
Trichy,04/05/2025,30.84
Trichy,05/05/2025,28.25
Trichy,06/05/2025,28.66
Trichy,07/05/2025,26.92
Trichy,08/05/2025,29.7
Trichy,09/05/2025,26.24
Trichy,10/05/2025,30.6
Trichy,11/05/2025,33.51
Trichy,12/05/2025,30.93
Trichy,13/05/2025,28.56
Trichy,14/05/2025,30.55
Trichy,15/05/2025,32.74
Trichy,16/05/2025,32.64
Trichy,17/05/2025,27.49
Trichy,18/05/2025,30.52
Trichy,19/05/2025,29.18
Trichy,20/05/2025,31.11
Trichy,21/05/2025,30.27
Trichy,22/05/2025,24.76
Trichy,23/05/2025,28.8
Trichy,24/05/2025,29.9
Trichy,25/05/2025,26.63
Trichy,26/05/2025,30.66
Trichy,27/05/2025,26.45
Karur,28/05/2023,27.83
Karur,29/05/2023,27.47
Karur,30/05/2023,31.53
Karur,31/05/2023,27.52
Karur,01/06/2023,34.69
Karur,02/06/2023,30.41
Karur,03/06/2023,29.79
Karur,04/06/2023,27.71
Karur,05/06/2023,30.82
Karur,06/06/2023,28.27
Karur,07/06/2023,29.67
Karur,08/06/2023,34.54
Karur,09/06/2023,29.23
Karur,10/06/2023,31.72
Karur,11/06/2023,28.02
Karur,12/06/2023,29.35
Karur,13/06/2023,32.96
Karur,14/06/2023,28.17
Karur,15/06/2023,33.05
Karur,16/06/2023,30.84
Karur,17/06/2023,28.3
Karur,18/06/2023,30.69
Karur,19/06/2023,31.37
Karur,20/06/2023,30.67
Karur,21/06/2023,26.28
Karur,22/06/2023,27.97
Karur,23/06/2023,28.93
Karur,24/06/2023,29.27
Karur,25/06/2023,30.66
Karur,26/06/2023,29.78
Karur,27/06/2023,26.75
Karur,28/06/2023,30.18
Karur,29/06/2023,30.64
Karur,30/06/2023,30.54
Karur,01/07/2023,31.58
Karur,02/07/2023,31.09
Karur,03/07/2023,30.34
Karur,04/07/2023,29.28
Karur,05/07/2023,26.1
Karur,06/07/2023,30.28
Karur,07/07/2023,29.84
Karur,08/07/2023,29.97
Karur,09/07/2023,26.87
Karur,10/07/2023,27.26
Karur,11/07/2023,31.53
Karur,12/07/2023,29.34
Karur,13/07/2023,30.79
Karur,14/07/2023,29.48
Karur,15/07/2023,29.48
Karur,16/07/2023,31.3
Karur,17/07/2023,28.39
Karur,18/07/2023,29.61
Karur,19/07/2023,28.5
Karur,20/07/2023,28.55
Karur,21/07/2023,28.8
Karur,22/07/2023,29.87
Karur,23/07/2023,28.47
Karur,24/07/2023,31.93
Karur,25/07/2023,27.63
Karur,26/07/2023,29.05
Karur,27/07/2023,28.54
Karur,28/07/2023,32.32
Karur,29/07/2023,29.82
Karur,30/07/2023,31.49
Karur,31/07/2023,26.45
Karur,01/08/2023,29.96
Karur,02/08/2023,31.2
Karur,03/08/2023,29.59
Karur,04/08/2023,31.55
Karur,05/08/2023,28.39
Karur,06/08/2023,32.24
Karur,07/08/2023,34.02
Karur,08/08/2023,28.7
Karur,09/08/2023,28.53
Karur,10/08/2023,32.33
Karur,11/08/2023,32.58
Karur,12/08/2023,28.38
Karur,13/08/2023,28.58
Karur,14/08/2023,28.86
Karur,15/08/2023,26.73
Karur,16/08/2023,27.59
Karur,17/08/2023,27.41
Karur,18/08/2023,27.89
Karur,19/08/2023,29.35
Karur,20/08/2023,29.89
Karur,21/08/2023,32.52
Karur,22/08/2023,27.43
Karur,23/08/2023,31.39
Karur,24/08/2023,28.99
Karur,25/08/2023,29.32
Karur,26/08/2023,30.77
Karur,27/08/2023,27.18
Karur,28/08/2023,30.19
Karur,29/08/2023,29.76
Karur,30/08/2023,30.41
Karur,31/08/2023,30.0
Karur,01/09/2023,34.33
Karur,02/09/2023,28.15
Karur,03/09/2023,28.36
Karur,04/09/2023,28.18
Karur,05/09/2023,28.31
Karur,06/09/2023,28.15
Karur,07/09/2023,31.8
Karur,08/09/2023,32.26
Karur,09/09/2023,28.28
Karur,10/09/2023,27.76
Karur,11/09/2023,30.37
Karur,12/09/2023,28.32
Karur,13/09/2023,30.69
Karur,14/09/2023,29.83
Karur,15/09/2023,26.39
Karur,16/09/2023,32.52
Karur,17/09/2023,33.01
Karur,18/09/2023,28.2
Karur,19/09/2023,28.65
Karur,20/09/2023,29.99
Karur,21/09/2023,30.09
Karur,22/09/2023,30.74
Karur,23/09/2023,33.44
Karur,24/09/2023,29.07
Karur,25/09/2023,27.83
Karur,26/09/2023,26.66
Karur,27/09/2023,27.96
Karur,28/09/2023,29.36
Karur,29/09/2023,33.01
Karur,30/09/2023,28.39
Karur,01/10/2023,29.87
Karur,02/10/2023,29.39
Karur,03/10/2023,31.8
Karur,04/10/2023,34.48
Karur,05/10/2023,28.36
Karur,06/10/2023,28.44
Karur,07/10/2023,31.51
Karur,08/10/2023,30.79
Karur,09/10/2023,33.12
Karur,10/10/2023,30.59
Karur,11/10/2023,28.7
Karur,12/10/2023,30.6
Karur,13/10/2023,31.64
Karur,14/10/2023,31.06
Karur,15/10/2023,30.44
Karur,16/10/2023,31.56
Karur,17/10/2023,31.76
Karur,18/10/2023,32.19
Karur,19/10/2023,30.72
Karur,20/10/2023,29.09
Karur,21/10/2023,29.72
Karur,22/10/2023,31.84
Karur,23/10/2023,27.79
Karur,24/10/2023,30.16
Karur,25/10/2023,28.64
Karur,26/10/2023,29.48
Karur,27/10/2023,31.98
Karur,28/10/2023,29.8
Karur,29/10/2023,29.52
Karur,30/10/2023,26.7
Karur,31/10/2023,30.92
Karur,01/11/2023,30.71
Karur,02/11/2023,33.75
Karur,03/11/2023,28.81
Karur,04/11/2023,29.86
Karur,05/11/2023,29.92
Karur,06/11/2023,32.58
Karur,07/11/2023,29.23
Karur,08/11/2023,29.98
Karur,09/11/2023,30.64
Karur,10/11/2023,29.8
Karur,11/11/2023,28.53
Karur,12/11/2023,29.81
Karur,13/11/2023,31.57
Karur,14/11/2023,27.37
Karur,15/11/2023,29.69
Karur,16/11/2023,28.02
Karur,17/11/2023,31.81
Karur,18/11/2023,26.38
Karur,19/11/2023,28.3
Karur,20/11/2023,30.18
Karur,21/11/2023,32.55
Karur,22/11/2023,29.29
Karur,23/11/2023,28.31
Karur,24/11/2023,33.19
Karur,25/11/2023,26.53
Karur,26/11/2023,25.03
Karur,27/11/2023,30.3
Karur,28/11/2023,28.42
Karur,29/11/2023,27.38
Karur,30/11/2023,30.84
Karur,01/12/2023,29.91
Karur,02/12/2023,28.29
Karur,03/12/2023,26.86
Karur,04/12/2023,31.17
Karur,05/12/2023,30.72
Karur,06/12/2023,29.22
Karur,07/12/2023,33.12
Karur,08/12/2023,27.28
Karur,09/12/2023,26.37
Karur,10/12/2023,28.04
Karur,11/12/2023,29.33
Karur,12/12/2023,29.91
Karur,13/12/2023,28.94
Karur,14/12/2023,30.13
Karur,15/12/2023,26.92
Karur,16/12/2023,32.31
Karur,17/12/2023,29.26
Karur,18/12/2023,31.66
Karur,19/12/2023,30.11
Karur,20/12/2023,30.34
Karur,21/12/2023,30.56
Karur,22/12/2023,30.32
Karur,23/12/2023,30.71
Karur,24/12/2023,32.08
Karur,25/12/2023,29.82
Karur,26/12/2023,30.84
Karur,27/12/2023,29.24
Karur,28/12/2023,32.3
Karur,29/12/2023,28.07
Karur,30/12/2023,33.02
Karur,31/12/2023,29.34
Karur,01/01/2024,26.56
Karur,02/01/2024,29.68
Karur,03/01/2024,28.06
Karur,04/01/2024,31.1
Karur,05/01/2024,28.12
Karur,06/01/2024,28.53
Karur,07/01/2024,25.64
Karur,08/01/2024,28.52
Karur,09/01/2024,24.57
Karur,10/01/2024,26.25
Karur,11/01/2024,30.94
Karur,12/01/2024,30.99
Karur,13/01/2024,30.27
Karur,14/01/2024,27.49
Karur,15/01/2024,29.33
Karur,16/01/2024,29.42
Karur,17/01/2024,27.11
Karur,18/01/2024,32.43
Karur,19/01/2024,31.18
Karur,20/01/2024,28.98
Karur,21/01/2024,29.48
Karur,22/01/2024,29.84
Karur,23/01/2024,25.34
Karur,24/01/2024,28.93
Karur,25/01/2024,28.06
Karur,26/01/2024,27.42
Karur,27/01/2024,28.86
Karur,28/01/2024,33.02
Karur,29/01/2024,30.7
Karur,30/01/2024,28.28
Karur,31/01/2024,30.57
Karur,01/02/2024,32.22
Karur,02/02/2024,31.27
Karur,03/02/2024,29.54
Karur,04/02/2024,28.13
Karur,05/02/2024,30.82
Karur,06/02/2024,30.21
Karur,07/02/2024,31.21
Karur,08/02/2024,30.69
Karur,09/02/2024,31.52
Karur,10/02/2024,28.35
Karur,11/02/2024,32.06
Karur,12/02/2024,29.82
Karur,13/02/2024,33.57
Karur,14/02/2024,28.04
Karur,15/02/2024,32.89
Karur,16/02/2024,29.82
Karur,17/02/2024,28.12
Karur,18/02/2024,28.45
Karur,19/02/2024,28.78
Karur,20/02/2024,30.27
Karur,21/02/2024,30.47
Karur,22/02/2024,28.28
Karur,23/02/2024,29.37
Karur,24/02/2024,33.71
Karur,25/02/2024,32.88
Karur,26/02/2024,30.3
Karur,27/02/2024,29.5
Karur,28/02/2024,29.66
Karur,29/02/2024,30.65
Karur,01/03/2024,27.38
Karur,02/03/2024,28.91
Karur,03/03/2024,26.09
Karur,04/03/2024,30.22
Karur,05/03/2024,30.72
Karur,06/03/2024,28.46
Karur,07/03/2024,32.57
Karur,08/03/2024,26.97
Karur,09/03/2024,26.49
Karur,10/03/2024,29.87
Karur,11/03/2024,31.52
Karur,12/03/2024,32.79
Karur,13/03/2024,28.5
Karur,14/03/2024,31.58
Karur,15/03/2024,29.35
Karur,16/03/2024,29.08
Karur,17/03/2024,31.19
Karur,18/03/2024,30.73
Karur,19/03/2024,26.27
Karur,20/03/2024,32.38
Karur,21/03/2024,32.18
Karur,22/03/2024,28.17
Karur,23/03/2024,30.21
Karur,24/03/2024,30.41
Karur,25/03/2024,29.94
Karur,26/03/2024,28.32
Karur,27/03/2024,28.08
Karur,28/03/2024,29.37
Karur,29/03/2024,31.77
Karur,30/03/2024,30.51
Karur,31/03/2024,28.68
Karur,01/04/2024,30.97
Karur,02/04/2024,23.73
Karur,03/04/2024,31.72
Karur,04/04/2024,25.94
Karur,05/04/2024,28.7
Karur,06/04/2024,27.18
Karur,07/04/2024,26.83
Karur,08/04/2024,31.74
Karur,09/04/2024,28.49
Karur,10/04/2024,30.12
Karur,11/04/2024,29.33
Karur,12/04/2024,30.38
Karur,13/04/2024,29.58
Karur,14/04/2024,26.86
Karur,15/04/2024,31.42
Karur,16/04/2024,28.44
Karur,17/04/2024,26.31
Karur,18/04/2024,28.57
Karur,19/04/2024,32.42
Karur,20/04/2024,31.12
Karur,21/04/2024,28.73
Karur,22/04/2024,28.72
Karur,23/04/2024,28.78
Karur,24/04/2024,33.58
Karur,25/04/2024,30.19
Karur,26/04/2024,30.28
Karur,27/04/2024,31.48
Karur,28/04/2024,29.9
Karur,29/04/2024,28.9
Karur,30/04/2024,29.03
Karur,01/05/2024,29.28
Karur,02/05/2024,29.35
Karur,03/05/2024,30.88
Karur,04/05/2024,29.53
Karur,05/05/2024,30.89
Karur,06/05/2024,29.26
Karur,07/05/2024,29.58
Karur,08/05/2024,25.43
Karur,09/05/2024,31.26
Karur,10/05/2024,30.12
Karur,11/05/2024,31.42
Karur,12/05/2024,23.63
Karur,13/05/2024,33.6
Karur,14/05/2024,29.14
Karur,15/05/2024,31.64
Karur,16/05/2024,27.34
Karur,17/05/2024,30.65
Karur,18/05/2024,27.32
Karur,19/05/2024,28.18
Karur,20/05/2024,33.25
Karur,21/05/2024,29.04
Karur,22/05/2024,29.86
Karur,23/05/2024,31.16
Karur,24/05/2024,30.41
Karur,25/05/2024,29.72
Karur,26/05/2024,30.15
Karur,27/05/2024,34.23
Karur,28/05/2024,29.31
Karur,29/05/2024,29.82
Karur,30/05/2024,31.52
Karur,31/05/2024,31.63
Karur,01/06/2024,31.8
Karur,02/06/2024,30.7
Karur,03/06/2024,27.14
Karur,04/06/2024,32.69
Karur,05/06/2024,27.13
Karur,06/06/2024,30.03
Karur,07/06/2024,27.91
Karur,08/06/2024,29.29
Karur,09/06/2024,30.08
Karur,10/06/2024,30.07
Karur,11/06/2024,30.27
Karur,12/06/2024,32.65
Karur,13/06/2024,30.33
Karur,14/06/2024,28.93
Karur,15/06/2024,31.35
Karur,16/06/2024,31.8
Karur,17/06/2024,26.97
Karur,18/06/2024,30.62
Karur,19/06/2024,30.83
Karur,20/06/2024,28.83
Karur,21/06/2024,32.17
Karur,22/06/2024,29.12
Karur,23/06/2024,29.67
Karur,24/06/2024,29.08
Karur,25/06/2024,29.45
Karur,26/06/2024,27.23
Karur,27/06/2024,26.54
Karur,28/06/2024,32.61
Karur,29/06/2024,27.73
Karur,30/06/2024,27.44
Karur,01/07/2024,25.12
Karur,02/07/2024,28.14
Karur,03/07/2024,26.78
Karur,04/07/2024,32.71
Karur,05/07/2024,31.44
Karur,06/07/2024,28.05
Karur,07/07/2024,33.93
Karur,08/07/2024,31.39
Karur,09/07/2024,28.77
Karur,10/07/2024,24.42
Karur,11/07/2024,34.0
Karur,12/07/2024,26.64
Karur,13/07/2024,26.13
Karur,14/07/2024,31.47
Karur,15/07/2024,34.3
Karur,16/07/2024,32.19
Karur,17/07/2024,30.55
Karur,18/07/2024,30.61
Karur,19/07/2024,31.13
Karur,20/07/2024,30.94
Karur,21/07/2024,29.99
Karur,22/07/2024,29.63
Karur,23/07/2024,29.3
Karur,24/07/2024,27.91
Karur,25/07/2024,28.86
Karur,26/07/2024,26.04
Karur,27/07/2024,29.23
Karur,28/07/2024,27.45
Karur,29/07/2024,27.22
Karur,30/07/2024,29.78
Karur,31/07/2024,32.21
Karur,01/08/2024,31.26
Karur,02/08/2024,26.28
Karur,03/08/2024,27.44
Karur,04/08/2024,31.3
Karur,05/08/2024,27.46
Karur,06/08/2024,28.97
Karur,07/08/2024,30.52
Karur,08/08/2024,27.49
Karur,09/08/2024,29.63
Karur,10/08/2024,26.75
Karur,11/08/2024,28.22
Karur,12/08/2024,30.06
Karur,13/08/2024,26.24
Karur,14/08/2024,30.3
Karur,15/08/2024,29.38
Karur,16/08/2024,30.53
Karur,17/08/2024,29.87
Karur,18/08/2024,32.15
Karur,19/08/2024,29.67
Karur,20/08/2024,28.56
Karur,21/08/2024,29.67
Karur,22/08/2024,30.51
Karur,23/08/2024,29.52
Karur,24/08/2024,29.5
Karur,25/08/2024,28.02
Karur,26/08/2024,28.1
Karur,27/08/2024,26.62
Karur,28/08/2024,32.92
Karur,29/08/2024,26.93
Karur,30/08/2024,28.04
Karur,31/08/2024,27.99
Karur,01/09/2024,31.21
Karur,02/09/2024,28.83
Karur,03/09/2024,31.92
Karur,04/09/2024,28.08
Karur,05/09/2024,29.98
Karur,06/09/2024,27.75
Karur,07/09/2024,33.71
Karur,08/09/2024,27.05
Karur,09/09/2024,30.04
Karur,10/09/2024,30.69
Karur,11/09/2024,30.25
Karur,12/09/2024,29.05
Karur,13/09/2024,29.16
Karur,14/09/2024,29.51
Karur,15/09/2024,29.13
Karur,16/09/2024,31.35
Karur,17/09/2024,33.84
Karur,18/09/2024,28.31
Karur,19/09/2024,26.68
Karur,20/09/2024,29.25
Karur,21/09/2024,34.58
Karur,22/09/2024,27.82
Karur,23/09/2024,32.7
Karur,24/09/2024,32.78
Karur,25/09/2024,28.32
Karur,26/09/2024,30.56
Karur,27/09/2024,32.68
Karur,28/09/2024,28.66
Karur,29/09/2024,29.02
Karur,30/09/2024,28.26
Karur,01/10/2024,27.39
Karur,02/10/2024,28.12
Karur,03/10/2024,26.97
Karur,04/10/2024,29.49
Karur,05/10/2024,27.88
Karur,06/10/2024,29.89
Karur,07/10/2024,26.31
Karur,08/10/2024,30.08
Karur,09/10/2024,31.09
Karur,10/10/2024,25.44
Karur,11/10/2024,30.17
Karur,12/10/2024,31.88
Karur,13/10/2024,27.0
Karur,14/10/2024,32.77
Karur,15/10/2024,30.26
Karur,16/10/2024,28.01
Karur,17/10/2024,29.31
Karur,18/10/2024,30.54
Karur,19/10/2024,29.57
Karur,20/10/2024,30.5
Karur,21/10/2024,27.58
Karur,22/10/2024,29.76
Karur,23/10/2024,26.6
Karur,24/10/2024,29.2
Karur,25/10/2024,27.61
Karur,26/10/2024,27.95
Karur,27/10/2024,31.89
Karur,28/10/2024,31.61
Karur,29/10/2024,30.64
Karur,30/10/2024,27.24
Karur,31/10/2024,28.79
Karur,01/11/2024,31.85
Karur,02/11/2024,29.71
Karur,03/11/2024,34.06
Karur,04/11/2024,30.21
Karur,05/11/2024,29.81
Karur,06/11/2024,28.8
Karur,07/11/2024,29.69
Karur,08/11/2024,29.12
Karur,09/11/2024,30.84
Karur,10/11/2024,31.34
Karur,11/11/2024,27.85
Karur,12/11/2024,26.76
Karur,13/11/2024,25.75
Karur,14/11/2024,30.44
Karur,15/11/2024,27.22
Karur,16/11/2024,25.12
Karur,17/11/2024,30.2
Karur,18/11/2024,34.41
Karur,19/11/2024,29.41
Karur,20/11/2024,31.1
Karur,21/11/2024,29.59
Karur,22/11/2024,29.22
Karur,23/11/2024,31.26
Karur,24/11/2024,28.84
Karur,25/11/2024,29.96
Karur,26/11/2024,30.07
Karur,27/11/2024,28.09
Karur,28/11/2024,31.41
Karur,29/11/2024,29.07
Karur,30/11/2024,27.91
Karur,01/12/2024,30.5
Karur,02/12/2024,27.63
Karur,03/12/2024,29.48
Karur,04/12/2024,29.4
Karur,05/12/2024,31.59
Karur,06/12/2024,30.37
Karur,07/12/2024,29.37
Karur,08/12/2024,31.06
Karur,09/12/2024,32.2
Karur,10/12/2024,30.54
Karur,11/12/2024,29.44
Karur,12/12/2024,26.8
Karur,13/12/2024,27.29
Karur,14/12/2024,28.81
Karur,15/12/2024,28.2
Karur,16/12/2024,29.05
Karur,17/12/2024,29.54
Karur,18/12/2024,30.48
Karur,19/12/2024,29.28
Karur,20/12/2024,30.4
Karur,21/12/2024,29.55
Karur,22/12/2024,25.47
Karur,23/12/2024,27.54
Karur,24/12/2024,29.13
Karur,25/12/2024,27.0
Karur,26/12/2024,30.62
Karur,27/12/2024,32.48
Karur,28/12/2024,31.86
Karur,29/12/2024,29.0
Karur,30/12/2024,32.4
Karur,31/12/2024,29.72
Karur,01/01/2025,28.75
Karur,02/01/2025,28.2
Karur,03/01/2025,28.82
Karur,04/01/2025,28.65
Karur,05/01/2025,29.76
Karur,06/01/2025,29.74
Karur,07/01/2025,29.43
Karur,08/01/2025,30.3
Karur,09/01/2025,31.8
Karur,10/01/2025,31.32
Karur,11/01/2025,26.45
Karur,12/01/2025,24.31
Karur,13/01/2025,31.29
Karur,14/01/2025,26.69
Karur,15/01/2025,28.97
Karur,16/01/2025,27.08
Karur,17/01/2025,25.82
Karur,18/01/2025,30.51
Karur,19/01/2025,30.94
Karur,20/01/2025,28.27
Karur,21/01/2025,24.24
Karur,22/01/2025,28.33
Karur,23/01/2025,30.21
Karur,24/01/2025,26.46
Karur,25/01/2025,29.79
Karur,26/01/2025,29.39
Karur,27/01/2025,30.58
Karur,28/01/2025,29.66
Karur,29/01/2025,27.48
Karur,30/01/2025,31.82
Karur,31/01/2025,29.11
Karur,01/02/2025,29.37
Karur,02/02/2025,27.56
Karur,03/02/2025,28.54
Karur,04/02/2025,27.65
Karur,05/02/2025,29.08
Karur,06/02/2025,32.85
Karur,07/02/2025,26.68
Karur,08/02/2025,26.2
Karur,09/02/2025,32.37
Karur,10/02/2025,29.0
Karur,11/02/2025,28.08
Karur,12/02/2025,31.5
Karur,13/02/2025,28.21
Karur,14/02/2025,33.07
Karur,15/02/2025,30.78
Karur,16/02/2025,28.45
Karur,17/02/2025,33.74
Karur,18/02/2025,28.21
Karur,19/02/2025,30.91
Karur,20/02/2025,30.02
Karur,21/02/2025,32.03
Karur,22/02/2025,32.55
Karur,23/02/2025,29.49
Karur,24/02/2025,27.92
Karur,25/02/2025,30.34
Karur,26/02/2025,28.07
Karur,27/02/2025,33.45
Karur,28/02/2025,29.7
Karur,01/03/2025,28.69
Karur,02/03/2025,29.79
Karur,03/03/2025,26.73
Karur,04/03/2025,27.48
Karur,05/03/2025,31.82
Karur,06/03/2025,28.11
Karur,07/03/2025,27.33
Karur,08/03/2025,30.5
Karur,09/03/2025,31.79
Karur,10/03/2025,30.86
Karur,11/03/2025,31.41
Karur,12/03/2025,27.91
Karur,13/03/2025,26.58
Karur,14/03/2025,32.43
Karur,15/03/2025,28.78
Karur,16/03/2025,28.92
Karur,17/03/2025,32.08
Karur,18/03/2025,30.54
Karur,19/03/2025,30.33
Karur,20/03/2025,33.75
Karur,21/03/2025,28.14
Karur,22/03/2025,31.28
Karur,23/03/2025,29.54
Karur,24/03/2025,29.96
Karur,25/03/2025,32.48
Karur,26/03/2025,30.44
Karur,27/03/2025,30.5
Karur,28/03/2025,31.57
Karur,29/03/2025,28.69
Karur,30/03/2025,27.74
Karur,31/03/2025,27.33
Karur,01/04/2025,25.49
Karur,02/04/2025,33.54
Karur,03/04/2025,27.22
Karur,04/04/2025,28.98
Karur,05/04/2025,28.87
Karur,06/04/2025,30.04
Karur,07/04/2025,31.05
Karur,08/04/2025,31.14
Karur,09/04/2025,28.26
Karur,10/04/2025,29.09
Karur,11/04/2025,29.99
Karur,12/04/2025,28.93
Karur,13/04/2025,32.64
Karur,14/04/2025,30.4
Karur,15/04/2025,30.89
Karur,16/04/2025,30.75
Karur,17/04/2025,31.77
Karur,18/04/2025,29.78
Karur,19/04/2025,26.83
Karur,20/04/2025,30.22
Karur,21/04/2025,28.12
Karur,22/04/2025,28.37
Karur,23/04/2025,30.6
Karur,24/04/2025,31.9
Karur,25/04/2025,29.47
Karur,26/04/2025,30.04
Karur,27/04/2025,32.83
Karur,28/04/2025,29.9
Karur,29/04/2025,34.63
Karur,30/04/2025,30.55
Karur,01/05/2025,25.9
Karur,02/05/2025,30.93
Karur,03/05/2025,30.19
Karur,04/05/2025,32.0
Karur,05/05/2025,30.77
Karur,06/05/2025,29.15
Karur,07/05/2025,26.97
Karur,08/05/2025,29.0
Karur,09/05/2025,27.72
Karur,10/05/2025,28.26
Karur,11/05/2025,30.6
Karur,12/05/2025,32.76
Karur,13/05/2025,30.21
Karur,14/05/2025,27.03
Karur,15/05/2025,30.31
Karur,16/05/2025,31.82
Karur,17/05/2025,28.2
Karur,18/05/2025,29.15
Karur,19/05/2025,29.45
Karur,20/05/2025,27.85
Karur,21/05/2025,30.72
Karur,22/05/2025,29.18
Karur,23/05/2025,30.26
Karur,24/05/2025,27.65
Karur,25/05/2025,28.55
Karur,26/05/2025,30.87
Karur,27/05/2025,28.68
Thanjavur,28/05/2023,30.35
Thanjavur,29/05/2023,27.8
Thanjavur,30/05/2023,33.16
Thanjavur,31/05/2023,32.66
Thanjavur,01/06/2023,28.59
Thanjavur,02/06/2023,34.9
Thanjavur,03/06/2023,35.35
Thanjavur,04/06/2023,30.48
Thanjavur,05/06/2023,34.32
Thanjavur,06/06/2023,30.84
Thanjavur,07/06/2023,32.35
Thanjavur,08/06/2023,30.31
Thanjavur,09/06/2023,36.41
Thanjavur,10/06/2023,31.39
Thanjavur,11/06/2023,32.24
Thanjavur,12/06/2023,30.61
Thanjavur,13/06/2023,35.71
Thanjavur,14/06/2023,35.76
Thanjavur,15/06/2023,35.25
Thanjavur,16/06/2023,33.9
Thanjavur,17/06/2023,30.74
Thanjavur,18/06/2023,33.64
Thanjavur,19/06/2023,31.97
Thanjavur,20/06/2023,34.61
Thanjavur,21/06/2023,34.22
Thanjavur,22/06/2023,30.69
Thanjavur,23/06/2023,33.88
Thanjavur,24/06/2023,33.35
Thanjavur,25/06/2023,26.44
Thanjavur,26/06/2023,33.59
Thanjavur,27/06/2023,31.12
Thanjavur,28/06/2023,30.21
Thanjavur,29/06/2023,30.3
Thanjavur,30/06/2023,31.71
Thanjavur,01/07/2023,32.95
Thanjavur,02/07/2023,29.25
Thanjavur,03/07/2023,32.37
Thanjavur,04/07/2023,33.14
Thanjavur,05/07/2023,35.71
Thanjavur,06/07/2023,29.83
Thanjavur,07/07/2023,31.29
Thanjavur,08/07/2023,32.51
Thanjavur,09/07/2023,34.28
Thanjavur,10/07/2023,31.38
Thanjavur,11/07/2023,34.38
Thanjavur,12/07/2023,28.11
Thanjavur,13/07/2023,29.48
Thanjavur,14/07/2023,32.68
Thanjavur,15/07/2023,29.16
Thanjavur,16/07/2023,29.64
Thanjavur,17/07/2023,30.93
Thanjavur,18/07/2023,33.53
Thanjavur,19/07/2023,28.19
Thanjavur,20/07/2023,32.33
Thanjavur,21/07/2023,34.05
Thanjavur,22/07/2023,31.6
Thanjavur,23/07/2023,31.25
Thanjavur,24/07/2023,32.79
Thanjavur,25/07/2023,31.6
Thanjavur,26/07/2023,34.77
Thanjavur,27/07/2023,29.76
Thanjavur,28/07/2023,31.88
Thanjavur,29/07/2023,32.4
Thanjavur,30/07/2023,31.23
Thanjavur,31/07/2023,26.24
Thanjavur,01/08/2023,31.66
Thanjavur,02/08/2023,33.79
Thanjavur,03/08/2023,33.54
Thanjavur,04/08/2023,32.69
Thanjavur,05/08/2023,29.79
Thanjavur,06/08/2023,32.78
Thanjavur,07/08/2023,30.84
Thanjavur,08/08/2023,32.69
Thanjavur,09/08/2023,32.23
Thanjavur,10/08/2023,30.03
Thanjavur,11/08/2023,30.2
Thanjavur,12/08/2023,32.7
Thanjavur,13/08/2023,31.54
Thanjavur,14/08/2023,30.3
Thanjavur,15/08/2023,30.14
Thanjavur,16/08/2023,31.38
Thanjavur,17/08/2023,35.12
Thanjavur,18/08/2023,30.93
Thanjavur,19/08/2023,31.96
Thanjavur,20/08/2023,32.19
Thanjavur,21/08/2023,29.72
Thanjavur,22/08/2023,28.46
Thanjavur,23/08/2023,29.93
Thanjavur,24/08/2023,32.48
Thanjavur,25/08/2023,32.16
Thanjavur,26/08/2023,33.39
Thanjavur,27/08/2023,32.18
Thanjavur,28/08/2023,31.77
Thanjavur,29/08/2023,30.78
Thanjavur,30/08/2023,33.75
Thanjavur,31/08/2023,30.15
Thanjavur,01/09/2023,29.76
Thanjavur,02/09/2023,33.12
Thanjavur,03/09/2023,29.32
Thanjavur,04/09/2023,36.81
Thanjavur,05/09/2023,32.15
Thanjavur,06/09/2023,32.68
Thanjavur,07/09/2023,30.37
Thanjavur,08/09/2023,31.35
Thanjavur,09/09/2023,31.13
Thanjavur,10/09/2023,30.9
Thanjavur,11/09/2023,33.25
Thanjavur,12/09/2023,31.09
Thanjavur,13/09/2023,34.02
Thanjavur,14/09/2023,37.31
Thanjavur,15/09/2023,31.39
Thanjavur,16/09/2023,32.29
Thanjavur,17/09/2023,32.74
Thanjavur,18/09/2023,35.61
Thanjavur,19/09/2023,31.82
Thanjavur,20/09/2023,30.33
Thanjavur,21/09/2023,29.45
Thanjavur,22/09/2023,31.87
Thanjavur,23/09/2023,31.09
Thanjavur,24/09/2023,36.01
Thanjavur,25/09/2023,35.53
Thanjavur,26/09/2023,29.92
Thanjavur,27/09/2023,30.56
Thanjavur,28/09/2023,32.13
Thanjavur,29/09/2023,34.78
Thanjavur,30/09/2023,32.1
Thanjavur,01/10/2023,30.69
Thanjavur,02/10/2023,31.87
Thanjavur,03/10/2023,30.73
Thanjavur,04/10/2023,33.19
Thanjavur,05/10/2023,30.57
Thanjavur,06/10/2023,30.96
Thanjavur,07/10/2023,34.31
Thanjavur,08/10/2023,30.45
Thanjavur,09/10/2023,29.09
Thanjavur,10/10/2023,32.18
Thanjavur,11/10/2023,31.26
Thanjavur,12/10/2023,33.01
Thanjavur,13/10/2023,32.62
Thanjavur,14/10/2023,31.92
Thanjavur,15/10/2023,31.86
Thanjavur,16/10/2023,30.51
Thanjavur,17/10/2023,32.15
Thanjavur,18/10/2023,33.75
Thanjavur,19/10/2023,30.04
Thanjavur,20/10/2023,31.97
Thanjavur,21/10/2023,34.06
Thanjavur,22/10/2023,33.0
Thanjavur,23/10/2023,34.6
Thanjavur,24/10/2023,30.85
Thanjavur,25/10/2023,28.32
Thanjavur,26/10/2023,32.39
Thanjavur,27/10/2023,32.71
Thanjavur,28/10/2023,34.72
Thanjavur,29/10/2023,34.36
Thanjavur,30/10/2023,33.06
Thanjavur,31/10/2023,33.52
Thanjavur,01/11/2023,31.6
Thanjavur,02/11/2023,29.55
Thanjavur,03/11/2023,32.22
Thanjavur,04/11/2023,33.95
Thanjavur,05/11/2023,33.3
Thanjavur,06/11/2023,33.65
Thanjavur,07/11/2023,31.13
Thanjavur,08/11/2023,31.45
Thanjavur,09/11/2023,32.95
Thanjavur,10/11/2023,30.89
Thanjavur,11/11/2023,30.95
Thanjavur,12/11/2023,32.58
Thanjavur,13/11/2023,33.51
Thanjavur,14/11/2023,31.59
Thanjavur,15/11/2023,29.66
Thanjavur,16/11/2023,30.51
Thanjavur,17/11/2023,32.39
Thanjavur,18/11/2023,32.37
Thanjavur,19/11/2023,32.47
Thanjavur,20/11/2023,33.03
Thanjavur,21/11/2023,32.0
Thanjavur,22/11/2023,32.52
Thanjavur,23/11/2023,31.9
Thanjavur,24/11/2023,34.28
Thanjavur,25/11/2023,34.85
Thanjavur,26/11/2023,29.61
Thanjavur,27/11/2023,31.47
Thanjavur,28/11/2023,32.05
Thanjavur,29/11/2023,31.45
Thanjavur,30/11/2023,35.57
Thanjavur,01/12/2023,32.43
Thanjavur,02/12/2023,30.37
Thanjavur,03/12/2023,33.18
Thanjavur,04/12/2023,32.53
Thanjavur,05/12/2023,32.59
Thanjavur,06/12/2023,35.6
Thanjavur,07/12/2023,32.69
Thanjavur,08/12/2023,31.38
Thanjavur,09/12/2023,28.07
Thanjavur,10/12/2023,31.65
Thanjavur,11/12/2023,34.6
Thanjavur,12/12/2023,31.8
Thanjavur,13/12/2023,27.51
Thanjavur,14/12/2023,30.99
Thanjavur,15/12/2023,33.97
Thanjavur,16/12/2023,33.08
Thanjavur,17/12/2023,30.31
Thanjavur,18/12/2023,30.85
Thanjavur,19/12/2023,31.16
Thanjavur,20/12/2023,30.66
Thanjavur,21/12/2023,27.93
Thanjavur,22/12/2023,33.51
Thanjavur,23/12/2023,34.5
Thanjavur,24/12/2023,28.95
Thanjavur,25/12/2023,34.47
Thanjavur,26/12/2023,31.78
Thanjavur,27/12/2023,34.44
Thanjavur,28/12/2023,32.06
Thanjavur,29/12/2023,32.26
Thanjavur,30/12/2023,32.73
Thanjavur,31/12/2023,30.41
Thanjavur,01/01/2024,34.37
Thanjavur,02/01/2024,29.74
Thanjavur,03/01/2024,31.18
Thanjavur,04/01/2024,33.03
Thanjavur,05/01/2024,30.97
Thanjavur,06/01/2024,33.54
Thanjavur,07/01/2024,34.74
Thanjavur,08/01/2024,34.01
Thanjavur,09/01/2024,28.11
Thanjavur,10/01/2024,32.24
Thanjavur,11/01/2024,34.04
Thanjavur,12/01/2024,29.35
Thanjavur,13/01/2024,33.43
Thanjavur,14/01/2024,33.32
Thanjavur,15/01/2024,29.56
Thanjavur,16/01/2024,33.65
Thanjavur,17/01/2024,32.53
Thanjavur,18/01/2024,33.29
Thanjavur,19/01/2024,30.05
Thanjavur,20/01/2024,32.29
Thanjavur,21/01/2024,28.58
Thanjavur,22/01/2024,27.43
Thanjavur,23/01/2024,32.27
Thanjavur,24/01/2024,34.19
Thanjavur,25/01/2024,32.49
Thanjavur,26/01/2024,31.86
Thanjavur,27/01/2024,31.61
Thanjavur,28/01/2024,30.1
Thanjavur,29/01/2024,31.54
Thanjavur,30/01/2024,32.83
Thanjavur,31/01/2024,31.11
Thanjavur,01/02/2024,33.49
Thanjavur,02/02/2024,32.38
Thanjavur,03/02/2024,32.62
Thanjavur,04/02/2024,33.76
Thanjavur,05/02/2024,30.93
Thanjavur,06/02/2024,33.3
Thanjavur,07/02/2024,31.21
Thanjavur,08/02/2024,32.66
Thanjavur,09/02/2024,30.69
Thanjavur,10/02/2024,30.16
Thanjavur,11/02/2024,32.17
Thanjavur,12/02/2024,28.21
Thanjavur,13/02/2024,31.39
Thanjavur,14/02/2024,28.77
Thanjavur,15/02/2024,33.54
Thanjavur,16/02/2024,34.09
Thanjavur,17/02/2024,30.26
Thanjavur,18/02/2024,32.84
Thanjavur,19/02/2024,33.78
Thanjavur,20/02/2024,33.79
Thanjavur,21/02/2024,32.41
Thanjavur,22/02/2024,33.45
Thanjavur,23/02/2024,30.69
Thanjavur,24/02/2024,32.15
Thanjavur,25/02/2024,31.05
Thanjavur,26/02/2024,30.52
Thanjavur,27/02/2024,32.06
Thanjavur,28/02/2024,32.68
Thanjavur,29/02/2024,34.31
Thanjavur,01/03/2024,32.52
Thanjavur,02/03/2024,33.27
Thanjavur,03/03/2024,33.29
Thanjavur,04/03/2024,37.36
Thanjavur,05/03/2024,28.37
Thanjavur,06/03/2024,30.61
Thanjavur,07/03/2024,34.93
Thanjavur,08/03/2024,31.28
Thanjavur,09/03/2024,33.76
Thanjavur,10/03/2024,32.45
Thanjavur,11/03/2024,36.2
Thanjavur,12/03/2024,29.76
Thanjavur,13/03/2024,34.43
Thanjavur,14/03/2024,35.48
Thanjavur,15/03/2024,29.96
Thanjavur,16/03/2024,33.55
Thanjavur,17/03/2024,30.05
Thanjavur,18/03/2024,32.05
Thanjavur,19/03/2024,31.47
Thanjavur,20/03/2024,27.18
Thanjavur,21/03/2024,32.83
Thanjavur,22/03/2024,32.27
Thanjavur,23/03/2024,34.94
Thanjavur,24/03/2024,33.21
Thanjavur,25/03/2024,36.57
Thanjavur,26/03/2024,32.2
Thanjavur,27/03/2024,31.77
Thanjavur,28/03/2024,31.62
Thanjavur,29/03/2024,31.11
Thanjavur,30/03/2024,27.57
Thanjavur,31/03/2024,31.54
Thanjavur,01/04/2024,27.85
Thanjavur,02/04/2024,32.89
Thanjavur,03/04/2024,29.51
Thanjavur,04/04/2024,30.2
Thanjavur,05/04/2024,30.65
Thanjavur,06/04/2024,31.58
Thanjavur,07/04/2024,32.0
Thanjavur,08/04/2024,34.15
Thanjavur,09/04/2024,30.83
Thanjavur,10/04/2024,32.95
Thanjavur,11/04/2024,37.45
Thanjavur,12/04/2024,32.74
Thanjavur,13/04/2024,31.62
Thanjavur,14/04/2024,30.43
Thanjavur,15/04/2024,31.6
Thanjavur,16/04/2024,30.21
Thanjavur,17/04/2024,32.52
Thanjavur,18/04/2024,32.19
Thanjavur,19/04/2024,27.66
Thanjavur,20/04/2024,31.95
Thanjavur,21/04/2024,34.14
Thanjavur,22/04/2024,31.19
Thanjavur,23/04/2024,30.68
Thanjavur,24/04/2024,29.23
Thanjavur,25/04/2024,28.27
Thanjavur,26/04/2024,33.65
Thanjavur,27/04/2024,31.62
Thanjavur,28/04/2024,33.53
Thanjavur,29/04/2024,35.05
Thanjavur,30/04/2024,33.83
Thanjavur,01/05/2024,30.9
Thanjavur,02/05/2024,32.28
Thanjavur,03/05/2024,30.76
Thanjavur,04/05/2024,30.57
Thanjavur,05/05/2024,32.67
Thanjavur,06/05/2024,30.32
Thanjavur,07/05/2024,27.57
Thanjavur,08/05/2024,30.21
Thanjavur,09/05/2024,31.37
Thanjavur,10/05/2024,35.03
Thanjavur,11/05/2024,31.0
Thanjavur,12/05/2024,33.01
Thanjavur,13/05/2024,31.65
Thanjavur,14/05/2024,34.44
Thanjavur,15/05/2024,34.3
Thanjavur,16/05/2024,34.34
Thanjavur,17/05/2024,28.52
Thanjavur,18/05/2024,32.4
Thanjavur,19/05/2024,33.5
Thanjavur,20/05/2024,32.75
Thanjavur,21/05/2024,33.26
Thanjavur,22/05/2024,32.1
Thanjavur,23/05/2024,30.5
Thanjavur,24/05/2024,28.59
Thanjavur,25/05/2024,30.69
Thanjavur,26/05/2024,37.34
Thanjavur,27/05/2024,31.01
Thanjavur,28/05/2024,28.07
Thanjavur,29/05/2024,33.45
Thanjavur,30/05/2024,33.7
Thanjavur,31/05/2024,34.56
Thanjavur,01/06/2024,32.93
Thanjavur,02/06/2024,33.68
Thanjavur,03/06/2024,35.67
Thanjavur,04/06/2024,30.49
Thanjavur,05/06/2024,30.1
Thanjavur,06/06/2024,29.8
Thanjavur,07/06/2024,31.45
Thanjavur,08/06/2024,34.85
Thanjavur,09/06/2024,33.04
Thanjavur,10/06/2024,32.96
Thanjavur,11/06/2024,28.35
Thanjavur,12/06/2024,30.6
Thanjavur,13/06/2024,28.31
Thanjavur,14/06/2024,34.33
Thanjavur,15/06/2024,35.16
Thanjavur,16/06/2024,33.54
Thanjavur,17/06/2024,30.01
Thanjavur,18/06/2024,34.95
Thanjavur,19/06/2024,31.48
Thanjavur,20/06/2024,29.56
Thanjavur,21/06/2024,30.06
Thanjavur,22/06/2024,31.13
Thanjavur,23/06/2024,32.08
Thanjavur,24/06/2024,31.66
Thanjavur,25/06/2024,29.16
Thanjavur,26/06/2024,34.41
Thanjavur,27/06/2024,31.68
Thanjavur,28/06/2024,30.56
Thanjavur,29/06/2024,34.21
Thanjavur,30/06/2024,29.62
Thanjavur,01/07/2024,28.73
Thanjavur,02/07/2024,34.53
Thanjavur,03/07/2024,35.77
Thanjavur,04/07/2024,31.06
Thanjavur,05/07/2024,31.89
Thanjavur,06/07/2024,29.69
Thanjavur,07/07/2024,32.0
Thanjavur,08/07/2024,31.03
Thanjavur,09/07/2024,31.78
Thanjavur,10/07/2024,32.8
Thanjavur,11/07/2024,29.79
Thanjavur,12/07/2024,31.26
Thanjavur,13/07/2024,28.38
Thanjavur,14/07/2024,31.28
Thanjavur,15/07/2024,31.8
Thanjavur,16/07/2024,32.44
Thanjavur,17/07/2024,32.46
Thanjavur,18/07/2024,33.79
Thanjavur,19/07/2024,28.91
Thanjavur,20/07/2024,29.01
Thanjavur,21/07/2024,33.04
Thanjavur,22/07/2024,27.91
Thanjavur,23/07/2024,32.35
Thanjavur,24/07/2024,29.62
Thanjavur,25/07/2024,35.13
Thanjavur,26/07/2024,32.49
Thanjavur,27/07/2024,31.55
Thanjavur,28/07/2024,34.44
Thanjavur,29/07/2024,29.86
Thanjavur,30/07/2024,30.24
Thanjavur,31/07/2024,29.46
Thanjavur,01/08/2024,30.26
Thanjavur,02/08/2024,32.11
Thanjavur,03/08/2024,32.97
Thanjavur,04/08/2024,33.91
Thanjavur,05/08/2024,28.34
Thanjavur,06/08/2024,31.64
Thanjavur,07/08/2024,29.77
Thanjavur,08/08/2024,31.57
Thanjavur,09/08/2024,36.65
Thanjavur,10/08/2024,32.57
Thanjavur,11/08/2024,33.78
Thanjavur,12/08/2024,35.91
Thanjavur,13/08/2024,34.24
Thanjavur,14/08/2024,31.09
Thanjavur,15/08/2024,29.43
Thanjavur,16/08/2024,31.93
Thanjavur,17/08/2024,30.85
Thanjavur,18/08/2024,28.94
Thanjavur,19/08/2024,32.47
Thanjavur,20/08/2024,32.52
Thanjavur,21/08/2024,35.52
Thanjavur,22/08/2024,31.26
Thanjavur,23/08/2024,32.55
Thanjavur,24/08/2024,30.65
Thanjavur,25/08/2024,33.73
Thanjavur,26/08/2024,31.74
Thanjavur,27/08/2024,29.64
Thanjavur,28/08/2024,31.96
Thanjavur,29/08/2024,32.77
Thanjavur,30/08/2024,32.5
Thanjavur,31/08/2024,34.08
Thanjavur,01/09/2024,29.09
Thanjavur,02/09/2024,30.3
Thanjavur,03/09/2024,33.26
Thanjavur,04/09/2024,30.53
Thanjavur,05/09/2024,32.47
Thanjavur,06/09/2024,27.15
Thanjavur,07/09/2024,37.42
Thanjavur,08/09/2024,31.45
Thanjavur,09/09/2024,34.37
Thanjavur,10/09/2024,31.31
Thanjavur,11/09/2024,32.81
Thanjavur,12/09/2024,34.97
Thanjavur,13/09/2024,34.32
Thanjavur,14/09/2024,31.58
Thanjavur,15/09/2024,31.71
Thanjavur,16/09/2024,33.99
Thanjavur,17/09/2024,36.65
Thanjavur,18/09/2024,32.37
Thanjavur,19/09/2024,35.9
Thanjavur,20/09/2024,31.5
Thanjavur,21/09/2024,33.89
Thanjavur,22/09/2024,34.19
Thanjavur,23/09/2024,31.17
Thanjavur,24/09/2024,30.49
Thanjavur,25/09/2024,34.28
Thanjavur,26/09/2024,30.92
Thanjavur,27/09/2024,30.2
Thanjavur,28/09/2024,30.62
Thanjavur,29/09/2024,30.91
Thanjavur,30/09/2024,33.7
Thanjavur,01/10/2024,33.02
Thanjavur,02/10/2024,33.42
Thanjavur,03/10/2024,32.83
Thanjavur,04/10/2024,30.8
Thanjavur,05/10/2024,33.38
Thanjavur,06/10/2024,34.35
Thanjavur,07/10/2024,33.15
Thanjavur,08/10/2024,32.88
Thanjavur,09/10/2024,30.45
Thanjavur,10/10/2024,32.41
Thanjavur,11/10/2024,30.34
Thanjavur,12/10/2024,31.94
Thanjavur,13/10/2024,28.7
Thanjavur,14/10/2024,28.72
Thanjavur,15/10/2024,31.6
Thanjavur,16/10/2024,30.89
Thanjavur,17/10/2024,32.2
Thanjavur,18/10/2024,31.72
Thanjavur,19/10/2024,32.05
Thanjavur,20/10/2024,33.2
Thanjavur,21/10/2024,31.06
Thanjavur,22/10/2024,31.55
Thanjavur,23/10/2024,34.9
Thanjavur,24/10/2024,31.99
Thanjavur,25/10/2024,31.63
Thanjavur,26/10/2024,32.15
Thanjavur,27/10/2024,31.66
Thanjavur,28/10/2024,30.57
Thanjavur,29/10/2024,29.99
Thanjavur,30/10/2024,30.46
Thanjavur,31/10/2024,33.73
Thanjavur,01/11/2024,30.73
Thanjavur,02/11/2024,31.68
Thanjavur,03/11/2024,33.39
Thanjavur,04/11/2024,31.43
Thanjavur,05/11/2024,33.25
Thanjavur,06/11/2024,28.9
Thanjavur,07/11/2024,31.72
Thanjavur,08/11/2024,32.14
Thanjavur,09/11/2024,32.03
Thanjavur,10/11/2024,28.68
Thanjavur,11/11/2024,34.39
Thanjavur,12/11/2024,30.28
Thanjavur,13/11/2024,32.66
Thanjavur,14/11/2024,32.0
Thanjavur,15/11/2024,33.99
Thanjavur,16/11/2024,36.36
Thanjavur,17/11/2024,29.4
Thanjavur,18/11/2024,30.69
Thanjavur,19/11/2024,32.36
Thanjavur,20/11/2024,29.77
Thanjavur,21/11/2024,33.55
Thanjavur,22/11/2024,33.67
Thanjavur,23/11/2024,33.1
Thanjavur,24/11/2024,32.46
Thanjavur,25/11/2024,34.72
Thanjavur,26/11/2024,29.67
Thanjavur,27/11/2024,32.12
Thanjavur,28/11/2024,30.51
Thanjavur,29/11/2024,33.77
Thanjavur,30/11/2024,28.32
Thanjavur,01/12/2024,31.93
Thanjavur,02/12/2024,32.66
Thanjavur,03/12/2024,30.09
Thanjavur,04/12/2024,30.73
Thanjavur,05/12/2024,32.02
Thanjavur,06/12/2024,33.9
Thanjavur,07/12/2024,29.92
Thanjavur,08/12/2024,30.27
Thanjavur,09/12/2024,34.24
Thanjavur,10/12/2024,31.44
Thanjavur,11/12/2024,30.43
Thanjavur,12/12/2024,33.44
Thanjavur,13/12/2024,31.01
Thanjavur,14/12/2024,34.04
Thanjavur,15/12/2024,30.66
Thanjavur,16/12/2024,31.67
Thanjavur,17/12/2024,33.88
Thanjavur,18/12/2024,31.53
Thanjavur,19/12/2024,33.5
Thanjavur,20/12/2024,31.85
Thanjavur,21/12/2024,35.95
Thanjavur,22/12/2024,35.12
Thanjavur,23/12/2024,29.33
Thanjavur,24/12/2024,33.03
Thanjavur,25/12/2024,30.35
Thanjavur,26/12/2024,32.37
Thanjavur,27/12/2024,32.12
Thanjavur,28/12/2024,29.87
Thanjavur,29/12/2024,34.1
Thanjavur,30/12/2024,32.39
Thanjavur,31/12/2024,31.42
Thanjavur,01/01/2025,31.11
Thanjavur,02/01/2025,32.26
Thanjavur,03/01/2025,32.8
Thanjavur,04/01/2025,31.74
Thanjavur,05/01/2025,26.32
Thanjavur,06/01/2025,32.02
Thanjavur,07/01/2025,29.1
Thanjavur,08/01/2025,31.57
Thanjavur,09/01/2025,29.18
Thanjavur,10/01/2025,29.15
Thanjavur,11/01/2025,34.46
Thanjavur,12/01/2025,31.35
Thanjavur,13/01/2025,31.19
Thanjavur,14/01/2025,32.95
Thanjavur,15/01/2025,31.24
Thanjavur,16/01/2025,36.19
Thanjavur,17/01/2025,31.44
Thanjavur,18/01/2025,32.72
Thanjavur,19/01/2025,33.93
Thanjavur,20/01/2025,35.19
Thanjavur,21/01/2025,30.5
Thanjavur,22/01/2025,31.15
Thanjavur,23/01/2025,34.53
Thanjavur,24/01/2025,33.61
Thanjavur,25/01/2025,34.14
Thanjavur,26/01/2025,29.25
Thanjavur,27/01/2025,35.08
Thanjavur,28/01/2025,30.46
Thanjavur,29/01/2025,32.37
Thanjavur,30/01/2025,31.69
Thanjavur,31/01/2025,30.23
Thanjavur,01/02/2025,29.16
Thanjavur,02/02/2025,28.5
Thanjavur,03/02/2025,32.22
Thanjavur,04/02/2025,28.93
Thanjavur,05/02/2025,29.72
Thanjavur,06/02/2025,31.55
Thanjavur,07/02/2025,26.71
Thanjavur,08/02/2025,33.54
Thanjavur,09/02/2025,27.17
Thanjavur,10/02/2025,31.83
Thanjavur,11/02/2025,32.02
Thanjavur,12/02/2025,33.06
Thanjavur,13/02/2025,31.9
Thanjavur,14/02/2025,36.02
Thanjavur,15/02/2025,32.42
Thanjavur,16/02/2025,34.09
Thanjavur,17/02/2025,30.54
Thanjavur,18/02/2025,32.23
Thanjavur,19/02/2025,35.08
Thanjavur,20/02/2025,31.51
Thanjavur,21/02/2025,32.37
Thanjavur,22/02/2025,33.95
Thanjavur,23/02/2025,30.5
Thanjavur,24/02/2025,27.66
Thanjavur,25/02/2025,32.5
Thanjavur,26/02/2025,33.96
Thanjavur,27/02/2025,29.28
Thanjavur,28/02/2025,33.33
Thanjavur,01/03/2025,33.34
Thanjavur,02/03/2025,27.44
Thanjavur,03/03/2025,30.11
Thanjavur,04/03/2025,31.19
Thanjavur,05/03/2025,31.63
Thanjavur,06/03/2025,30.5
Thanjavur,07/03/2025,30.39
Thanjavur,08/03/2025,35.33
Thanjavur,09/03/2025,31.77
Thanjavur,10/03/2025,30.6
Thanjavur,11/03/2025,31.9
Thanjavur,12/03/2025,33.06
Thanjavur,13/03/2025,32.09
Thanjavur,14/03/2025,31.57
Thanjavur,15/03/2025,30.69
Thanjavur,16/03/2025,30.66
Thanjavur,17/03/2025,30.79
Thanjavur,18/03/2025,32.66
Thanjavur,19/03/2025,30.0
Thanjavur,20/03/2025,32.77
Thanjavur,21/03/2025,34.81
Thanjavur,22/03/2025,32.64
Thanjavur,23/03/2025,31.25
Thanjavur,24/03/2025,29.39
Thanjavur,25/03/2025,35.14
Thanjavur,26/03/2025,29.65
Thanjavur,27/03/2025,33.68
Thanjavur,28/03/2025,33.26
Thanjavur,29/03/2025,31.51
Thanjavur,30/03/2025,31.46
Thanjavur,31/03/2025,28.31
Thanjavur,01/04/2025,32.65
Thanjavur,02/04/2025,33.23
Thanjavur,03/04/2025,29.81
Thanjavur,04/04/2025,31.67
Thanjavur,05/04/2025,32.06
Thanjavur,06/04/2025,33.15
Thanjavur,07/04/2025,31.99
Thanjavur,08/04/2025,28.73
Thanjavur,09/04/2025,30.93
Thanjavur,10/04/2025,32.43
Thanjavur,11/04/2025,33.67
Thanjavur,12/04/2025,30.75
Thanjavur,13/04/2025,36.36
Thanjavur,14/04/2025,28.2
Thanjavur,15/04/2025,30.86
Thanjavur,16/04/2025,31.82
Thanjavur,17/04/2025,31.58
Thanjavur,18/04/2025,29.52
Thanjavur,19/04/2025,32.88
Thanjavur,20/04/2025,32.73
Thanjavur,21/04/2025,32.08
Thanjavur,22/04/2025,32.65
Thanjavur,23/04/2025,31.14
Thanjavur,24/04/2025,28.75
Thanjavur,25/04/2025,30.55
Thanjavur,26/04/2025,32.3
Thanjavur,27/04/2025,32.31
Thanjavur,28/04/2025,32.07
Thanjavur,29/04/2025,33.08
Thanjavur,30/04/2025,30.82
Thanjavur,01/05/2025,32.04
Thanjavur,02/05/2025,33.13
Thanjavur,03/05/2025,31.82
Thanjavur,04/05/2025,29.5
Thanjavur,05/05/2025,30.06
Thanjavur,06/05/2025,33.65
Thanjavur,07/05/2025,34.77
Thanjavur,08/05/2025,34.34
Thanjavur,09/05/2025,32.45
Thanjavur,10/05/2025,29.58
Thanjavur,11/05/2025,31.97
Thanjavur,12/05/2025,35.11
Thanjavur,13/05/2025,33.22
Thanjavur,14/05/2025,31.57
Thanjavur,15/05/2025,33.24
Thanjavur,16/05/2025,29.45
Thanjavur,17/05/2025,30.59
Thanjavur,18/05/2025,29.82
Thanjavur,19/05/2025,32.92
Thanjavur,20/05/2025,33.41
Thanjavur,21/05/2025,31.68
Thanjavur,22/05/2025,30.24
Thanjavur,23/05/2025,31.95
Thanjavur,24/05/2025,31.01
Thanjavur,25/05/2025,30.39
Thanjavur,26/05/2025,32.66
Thanjavur,27/05/2025,30.47
Ariyalur,28/05/2023,28.55
Ariyalur,29/05/2023,30.38
Ariyalur,30/05/2023,34.32
Ariyalur,31/05/2023,34.52
Ariyalur,01/06/2023,30.48
Ariyalur,02/06/2023,27.95
Ariyalur,03/06/2023,33.69
Ariyalur,04/06/2023,30.31
Ariyalur,05/06/2023,33.26
Ariyalur,06/06/2023,27.74
Ariyalur,07/06/2023,33.46
Ariyalur,08/06/2023,29.26
Ariyalur,09/06/2023,33.14
Ariyalur,10/06/2023,31.71
Ariyalur,11/06/2023,29.77
Ariyalur,12/06/2023,30.86
Ariyalur,13/06/2023,33.05
Ariyalur,14/06/2023,31.89
Ariyalur,15/06/2023,32.85
Ariyalur,16/06/2023,35.63
Ariyalur,17/06/2023,28.55
Ariyalur,18/06/2023,34.91
Ariyalur,19/06/2023,31.89
Ariyalur,20/06/2023,29.88
Ariyalur,21/06/2023,29.02
Ariyalur,22/06/2023,31.3
Ariyalur,23/06/2023,33.52
Ariyalur,24/06/2023,31.42
Ariyalur,25/06/2023,34.7
Ariyalur,26/06/2023,28.78
Ariyalur,27/06/2023,31.65
Ariyalur,28/06/2023,29.17
Ariyalur,29/06/2023,32.41
Ariyalur,30/06/2023,33.45
Ariyalur,01/07/2023,30.84
Ariyalur,02/07/2023,26.47
Ariyalur,03/07/2023,32.08
Ariyalur,04/07/2023,32.55
Ariyalur,05/07/2023,32.49
Ariyalur,06/07/2023,34.15
Ariyalur,07/07/2023,29.54
Ariyalur,08/07/2023,33.04
Ariyalur,09/07/2023,34.06
Ariyalur,10/07/2023,28.12
Ariyalur,11/07/2023,32.32
Ariyalur,12/07/2023,30.67
Ariyalur,13/07/2023,31.52
Ariyalur,14/07/2023,32.37
Ariyalur,15/07/2023,30.7
Ariyalur,16/07/2023,30.33
Ariyalur,17/07/2023,31.75
Ariyalur,18/07/2023,29.5
Ariyalur,19/07/2023,29.51
Ariyalur,20/07/2023,33.04
Ariyalur,21/07/2023,29.38
Ariyalur,22/07/2023,33.01
Ariyalur,23/07/2023,32.6
Ariyalur,24/07/2023,28.23
Ariyalur,25/07/2023,30.32
Ariyalur,26/07/2023,34.07
Ariyalur,27/07/2023,29.72
Ariyalur,28/07/2023,30.75
Ariyalur,29/07/2023,32.6
Ariyalur,30/07/2023,33.24
Ariyalur,31/07/2023,31.18
Ariyalur,01/08/2023,30.48
Ariyalur,02/08/2023,34.52
Ariyalur,03/08/2023,35.16
Ariyalur,04/08/2023,33.64
Ariyalur,05/08/2023,31.85
Ariyalur,06/08/2023,30.06
Ariyalur,07/08/2023,30.02
Ariyalur,08/08/2023,32.72
Ariyalur,09/08/2023,32.51
Ariyalur,10/08/2023,34.48
Ariyalur,11/08/2023,32.98
Ariyalur,12/08/2023,28.67
Ariyalur,13/08/2023,33.78
Ariyalur,14/08/2023,29.68
Ariyalur,15/08/2023,30.91
Ariyalur,16/08/2023,32.18
Ariyalur,17/08/2023,35.67
Ariyalur,18/08/2023,37.9
Ariyalur,19/08/2023,32.89
Ariyalur,20/08/2023,31.31
Ariyalur,21/08/2023,32.75
Ariyalur,22/08/2023,33.45
Ariyalur,23/08/2023,31.04
Ariyalur,24/08/2023,35.27
Ariyalur,25/08/2023,32.14
Ariyalur,26/08/2023,32.67
Ariyalur,27/08/2023,33.01
Ariyalur,28/08/2023,32.52
Ariyalur,29/08/2023,33.36
Ariyalur,30/08/2023,30.44
Ariyalur,31/08/2023,30.56
Ariyalur,01/09/2023,29.48
Ariyalur,02/09/2023,32.56
Ariyalur,03/09/2023,33.24
Ariyalur,04/09/2023,32.59
Ariyalur,05/09/2023,35.03
Ariyalur,06/09/2023,31.67
Ariyalur,07/09/2023,33.02
Ariyalur,08/09/2023,29.49
Ariyalur,09/09/2023,30.9
Ariyalur,10/09/2023,33.07
Ariyalur,11/09/2023,33.38
Ariyalur,12/09/2023,31.09
Ariyalur,13/09/2023,31.53
Ariyalur,14/09/2023,28.64
Ariyalur,15/09/2023,30.96
Ariyalur,16/09/2023,33.46
Ariyalur,17/09/2023,32.83
Ariyalur,18/09/2023,32.68
Ariyalur,19/09/2023,31.78
Ariyalur,20/09/2023,31.69
Ariyalur,21/09/2023,30.36
Ariyalur,22/09/2023,33.08
Ariyalur,23/09/2023,32.52
Ariyalur,24/09/2023,32.66
Ariyalur,25/09/2023,30.63
Ariyalur,26/09/2023,27.37
Ariyalur,27/09/2023,33.87
Ariyalur,28/09/2023,30.72
Ariyalur,29/09/2023,29.95
Ariyalur,30/09/2023,33.07
Ariyalur,01/10/2023,30.89
Ariyalur,02/10/2023,33.8
Ariyalur,03/10/2023,32.91
Ariyalur,04/10/2023,33.05
Ariyalur,05/10/2023,28.95
Ariyalur,06/10/2023,34.1
Ariyalur,07/10/2023,32.2
Ariyalur,08/10/2023,30.94
Ariyalur,09/10/2023,31.96
Ariyalur,10/10/2023,28.13
Ariyalur,11/10/2023,32.5
Ariyalur,12/10/2023,29.62
Ariyalur,13/10/2023,28.97
Ariyalur,14/10/2023,28.63
Ariyalur,15/10/2023,33.9
Ariyalur,16/10/2023,30.42
Ariyalur,17/10/2023,34.75
Ariyalur,18/10/2023,30.61
Ariyalur,19/10/2023,28.26
Ariyalur,20/10/2023,29.45
Ariyalur,21/10/2023,34.15
Ariyalur,22/10/2023,31.37
Ariyalur,23/10/2023,30.58
Ariyalur,24/10/2023,32.0
Ariyalur,25/10/2023,32.68
Ariyalur,26/10/2023,33.91
Ariyalur,27/10/2023,34.58
Ariyalur,28/10/2023,30.96
Ariyalur,29/10/2023,29.03
Ariyalur,30/10/2023,30.85
Ariyalur,31/10/2023,32.2
Ariyalur,01/11/2023,29.75
Ariyalur,02/11/2023,29.76
Ariyalur,03/11/2023,32.37
Ariyalur,04/11/2023,31.58
Ariyalur,05/11/2023,31.74
Ariyalur,06/11/2023,30.16
Ariyalur,07/11/2023,31.22
Ariyalur,08/11/2023,29.83
Ariyalur,09/11/2023,33.46
Ariyalur,10/11/2023,33.75
Ariyalur,11/11/2023,27.99
Ariyalur,12/11/2023,29.82
Ariyalur,13/11/2023,28.69
Ariyalur,14/11/2023,30.38
Ariyalur,15/11/2023,31.51
Ariyalur,16/11/2023,28.78
Ariyalur,17/11/2023,29.83
Ariyalur,18/11/2023,29.67
Ariyalur,19/11/2023,32.09
Ariyalur,20/11/2023,31.82
Ariyalur,21/11/2023,30.23
Ariyalur,22/11/2023,32.03
Ariyalur,23/11/2023,30.58
Ariyalur,24/11/2023,31.13
Ariyalur,25/11/2023,35.03
Ariyalur,26/11/2023,34.36
Ariyalur,27/11/2023,29.08
Ariyalur,28/11/2023,33.34
Ariyalur,29/11/2023,33.3
Ariyalur,30/11/2023,29.38
Ariyalur,01/12/2023,33.32
Ariyalur,02/12/2023,34.75
Ariyalur,03/12/2023,29.43
Ariyalur,04/12/2023,29.84
Ariyalur,05/12/2023,33.71
Ariyalur,06/12/2023,32.22
Ariyalur,07/12/2023,32.78
Ariyalur,08/12/2023,32.36
Ariyalur,09/12/2023,32.46
Ariyalur,10/12/2023,29.03
Ariyalur,11/12/2023,33.77
Ariyalur,12/12/2023,34.02
Ariyalur,13/12/2023,31.22
Ariyalur,14/12/2023,31.59
Ariyalur,15/12/2023,28.62
Ariyalur,16/12/2023,32.71
Ariyalur,17/12/2023,32.82
Ariyalur,18/12/2023,31.55
Ariyalur,19/12/2023,33.93
Ariyalur,20/12/2023,31.01
Ariyalur,21/12/2023,32.81
Ariyalur,22/12/2023,29.64
Ariyalur,23/12/2023,31.63
Ariyalur,24/12/2023,31.33
Ariyalur,25/12/2023,32.13
Ariyalur,26/12/2023,30.94
Ariyalur,27/12/2023,31.42
Ariyalur,28/12/2023,33.33
Ariyalur,29/12/2023,30.8
Ariyalur,30/12/2023,28.46
Ariyalur,31/12/2023,35.18
Ariyalur,01/01/2024,34.44
Ariyalur,02/01/2024,29.09
Ariyalur,03/01/2024,33.06
Ariyalur,04/01/2024,30.67
Ariyalur,05/01/2024,32.21
Ariyalur,06/01/2024,32.27
Ariyalur,07/01/2024,31.21
Ariyalur,08/01/2024,30.11
Ariyalur,09/01/2024,30.3
Ariyalur,10/01/2024,29.85
Ariyalur,11/01/2024,30.01
Ariyalur,12/01/2024,31.54
Ariyalur,13/01/2024,30.25
Ariyalur,14/01/2024,33.04
Ariyalur,15/01/2024,34.65
Ariyalur,16/01/2024,30.52
Ariyalur,17/01/2024,32.16
Ariyalur,18/01/2024,32.68
Ariyalur,19/01/2024,32.62
Ariyalur,20/01/2024,31.83
Ariyalur,21/01/2024,33.16
Ariyalur,22/01/2024,32.64
Ariyalur,23/01/2024,29.2
Ariyalur,24/01/2024,33.42
Ariyalur,25/01/2024,33.45
Ariyalur,26/01/2024,30.15
Ariyalur,27/01/2024,31.75
Ariyalur,28/01/2024,33.04
Ariyalur,29/01/2024,31.26
Ariyalur,30/01/2024,33.82
Ariyalur,31/01/2024,36.41
Ariyalur,01/02/2024,30.11
Ariyalur,02/02/2024,28.92
Ariyalur,03/02/2024,32.29
Ariyalur,04/02/2024,33.12
Ariyalur,05/02/2024,31.22
Ariyalur,06/02/2024,34.58
Ariyalur,07/02/2024,29.0
Ariyalur,08/02/2024,33.06
Ariyalur,09/02/2024,30.47
Ariyalur,10/02/2024,35.12
Ariyalur,11/02/2024,35.66
Ariyalur,12/02/2024,30.14
Ariyalur,13/02/2024,30.58
Ariyalur,14/02/2024,33.4
Ariyalur,15/02/2024,30.9
Ariyalur,16/02/2024,31.59
Ariyalur,17/02/2024,31.73
Ariyalur,18/02/2024,27.84
Ariyalur,19/02/2024,31.65
Ariyalur,20/02/2024,30.3
Ariyalur,21/02/2024,30.69
Ariyalur,22/02/2024,34.57
Ariyalur,23/02/2024,29.17
Ariyalur,24/02/2024,33.3
Ariyalur,25/02/2024,31.12
Ariyalur,26/02/2024,31.12
Ariyalur,27/02/2024,33.26
Ariyalur,28/02/2024,32.36
Ariyalur,29/02/2024,32.82
Ariyalur,01/03/2024,33.61
Ariyalur,02/03/2024,31.02
Ariyalur,03/03/2024,30.45
Ariyalur,04/03/2024,29.51
Ariyalur,05/03/2024,30.03
Ariyalur,06/03/2024,37.58
Ariyalur,07/03/2024,34.17
Ariyalur,08/03/2024,28.98
Ariyalur,09/03/2024,29.03
Ariyalur,10/03/2024,32.64
Ariyalur,11/03/2024,32.77
Ariyalur,12/03/2024,32.78
Ariyalur,13/03/2024,31.17
Ariyalur,14/03/2024,31.43
Ariyalur,15/03/2024,32.33
Ariyalur,16/03/2024,31.85
Ariyalur,17/03/2024,27.24
Ariyalur,18/03/2024,31.22
Ariyalur,19/03/2024,29.98
Ariyalur,20/03/2024,32.03
Ariyalur,21/03/2024,37.65
Ariyalur,22/03/2024,32.41
Ariyalur,23/03/2024,31.05
Ariyalur,24/03/2024,33.52
Ariyalur,25/03/2024,32.64
Ariyalur,26/03/2024,32.52
Ariyalur,27/03/2024,32.89
Ariyalur,28/03/2024,35.79
Ariyalur,29/03/2024,29.42
Ariyalur,30/03/2024,32.63
Ariyalur,31/03/2024,29.83
Ariyalur,01/04/2024,32.79
Ariyalur,02/04/2024,29.84
Ariyalur,03/04/2024,30.84
Ariyalur,04/04/2024,31.09
Ariyalur,05/04/2024,33.63
Ariyalur,06/04/2024,33.52
Ariyalur,07/04/2024,29.19
Ariyalur,08/04/2024,31.79
Ariyalur,09/04/2024,30.26
Ariyalur,10/04/2024,29.16
Ariyalur,11/04/2024,31.24
Ariyalur,12/04/2024,31.06
Ariyalur,13/04/2024,36.53
Ariyalur,14/04/2024,32.54
Ariyalur,15/04/2024,28.92
Ariyalur,16/04/2024,30.55
Ariyalur,17/04/2024,33.72
Ariyalur,18/04/2024,35.86
Ariyalur,19/04/2024,28.51
Ariyalur,20/04/2024,27.92
Ariyalur,21/04/2024,35.42
Ariyalur,22/04/2024,32.46
Ariyalur,23/04/2024,29.94
Ariyalur,24/04/2024,32.75
Ariyalur,25/04/2024,26.41
Ariyalur,26/04/2024,31.68
Ariyalur,27/04/2024,32.33
Ariyalur,28/04/2024,33.53
Ariyalur,29/04/2024,29.65
Ariyalur,30/04/2024,31.85
Ariyalur,01/05/2024,29.83
Ariyalur,02/05/2024,32.19
Ariyalur,03/05/2024,29.89
Ariyalur,04/05/2024,30.86
Ariyalur,05/05/2024,29.69
Ariyalur,06/05/2024,32.98
Ariyalur,07/05/2024,33.4
Ariyalur,08/05/2024,31.21
Ariyalur,09/05/2024,31.75
Ariyalur,10/05/2024,28.78
Ariyalur,11/05/2024,31.08
Ariyalur,12/05/2024,31.58
Ariyalur,13/05/2024,36.92
Ariyalur,14/05/2024,29.45
Ariyalur,15/05/2024,34.61
Ariyalur,16/05/2024,33.67
Ariyalur,17/05/2024,32.24
Ariyalur,18/05/2024,35.2
Ariyalur,19/05/2024,32.42
Ariyalur,20/05/2024,32.46
Ariyalur,21/05/2024,31.57
Ariyalur,22/05/2024,34.13
Ariyalur,23/05/2024,33.87
Ariyalur,24/05/2024,30.43
Ariyalur,25/05/2024,29.04
Ariyalur,26/05/2024,31.27
Ariyalur,27/05/2024,30.08
Ariyalur,28/05/2024,31.55
Ariyalur,29/05/2024,34.15
Ariyalur,30/05/2024,30.76
Ariyalur,31/05/2024,31.59
Ariyalur,01/06/2024,31.79
Ariyalur,02/06/2024,33.37
Ariyalur,03/06/2024,27.18
Ariyalur,04/06/2024,30.46
Ariyalur,05/06/2024,32.1
Ariyalur,06/06/2024,34.08
Ariyalur,07/06/2024,30.69
Ariyalur,08/06/2024,27.93
Ariyalur,09/06/2024,32.92
Ariyalur,10/06/2024,30.41
Ariyalur,11/06/2024,29.3
Ariyalur,12/06/2024,30.43
Ariyalur,13/06/2024,31.31
Ariyalur,14/06/2024,30.47
Ariyalur,15/06/2024,27.27
Ariyalur,16/06/2024,33.47
Ariyalur,17/06/2024,34.23
Ariyalur,18/06/2024,32.98
Ariyalur,19/06/2024,29.4
Ariyalur,20/06/2024,31.28
Ariyalur,21/06/2024,31.67
Ariyalur,22/06/2024,32.88
Ariyalur,23/06/2024,33.01
Ariyalur,24/06/2024,30.21
Ariyalur,25/06/2024,31.84
Ariyalur,26/06/2024,32.59
Ariyalur,27/06/2024,34.59
Ariyalur,28/06/2024,33.09
Ariyalur,29/06/2024,33.26
Ariyalur,30/06/2024,31.85
Ariyalur,01/07/2024,34.5
Ariyalur,02/07/2024,32.5
Ariyalur,03/07/2024,29.96
Ariyalur,04/07/2024,34.48
Ariyalur,05/07/2024,33.07
Ariyalur,06/07/2024,30.79
Ariyalur,07/07/2024,30.72
Ariyalur,08/07/2024,32.27
Ariyalur,09/07/2024,32.6
Ariyalur,10/07/2024,32.07
Ariyalur,11/07/2024,32.3
Ariyalur,12/07/2024,35.08
Ariyalur,13/07/2024,33.82
Ariyalur,14/07/2024,32.06
Ariyalur,15/07/2024,33.56
Ariyalur,16/07/2024,29.61
Ariyalur,17/07/2024,32.47
Ariyalur,18/07/2024,35.3
Ariyalur,19/07/2024,31.24
Ariyalur,20/07/2024,29.98
Ariyalur,21/07/2024,30.37
Ariyalur,22/07/2024,29.5
Ariyalur,23/07/2024,30.11
Ariyalur,24/07/2024,30.94
Ariyalur,25/07/2024,28.87
Ariyalur,26/07/2024,31.71
Ariyalur,27/07/2024,33.48
Ariyalur,28/07/2024,29.86
Ariyalur,29/07/2024,34.72
Ariyalur,30/07/2024,32.7
Ariyalur,31/07/2024,33.74
Ariyalur,01/08/2024,30.36
Ariyalur,02/08/2024,33.39
Ariyalur,03/08/2024,29.49
Ariyalur,04/08/2024,33.46
Ariyalur,05/08/2024,32.02
Ariyalur,06/08/2024,32.78
Ariyalur,07/08/2024,29.33
Ariyalur,08/08/2024,29.89
Ariyalur,09/08/2024,32.87
Ariyalur,10/08/2024,29.78
Ariyalur,11/08/2024,32.6
Ariyalur,12/08/2024,28.94
Ariyalur,13/08/2024,33.37
Ariyalur,14/08/2024,29.21
Ariyalur,15/08/2024,32.78
Ariyalur,16/08/2024,32.93
Ariyalur,17/08/2024,30.28
Ariyalur,18/08/2024,32.84
Ariyalur,19/08/2024,32.2
Ariyalur,20/08/2024,30.6
Ariyalur,21/08/2024,29.66
Ariyalur,22/08/2024,27.75
Ariyalur,23/08/2024,32.38
Ariyalur,24/08/2024,28.55
Ariyalur,25/08/2024,31.87
Ariyalur,26/08/2024,31.15
Ariyalur,27/08/2024,33.04
Ariyalur,28/08/2024,31.07
Ariyalur,29/08/2024,31.02
Ariyalur,30/08/2024,33.14
Ariyalur,31/08/2024,32.35
Ariyalur,01/09/2024,32.31
Ariyalur,02/09/2024,32.62
Ariyalur,03/09/2024,28.61
Ariyalur,04/09/2024,33.19
Ariyalur,05/09/2024,32.9
Ariyalur,06/09/2024,29.64
Ariyalur,07/09/2024,31.19
Ariyalur,08/09/2024,31.6
Ariyalur,09/09/2024,31.41
Ariyalur,10/09/2024,32.35
Ariyalur,11/09/2024,34.54
Ariyalur,12/09/2024,33.84
Ariyalur,13/09/2024,29.05
Ariyalur,14/09/2024,32.92
Ariyalur,15/09/2024,34.34
Ariyalur,16/09/2024,32.45
Ariyalur,17/09/2024,33.86
Ariyalur,18/09/2024,35.7
Ariyalur,19/09/2024,33.73
Ariyalur,20/09/2024,32.18
Ariyalur,21/09/2024,33.77
Ariyalur,22/09/2024,31.97
Ariyalur,23/09/2024,31.73
Ariyalur,24/09/2024,30.98
Ariyalur,25/09/2024,34.8
Ariyalur,26/09/2024,30.04
Ariyalur,27/09/2024,34.74
Ariyalur,28/09/2024,32.68
Ariyalur,29/09/2024,28.88
Ariyalur,30/09/2024,32.41
Ariyalur,01/10/2024,27.48
Ariyalur,02/10/2024,32.93
Ariyalur,03/10/2024,33.45
Ariyalur,04/10/2024,30.49
Ariyalur,05/10/2024,31.93
Ariyalur,06/10/2024,35.59
Ariyalur,07/10/2024,30.67
Ariyalur,08/10/2024,29.56
Ariyalur,09/10/2024,34.64
Ariyalur,10/10/2024,35.6
Ariyalur,11/10/2024,31.69
Ariyalur,12/10/2024,33.7
Ariyalur,13/10/2024,34.36
Ariyalur,14/10/2024,30.19
Ariyalur,15/10/2024,30.71
Ariyalur,16/10/2024,34.14
Ariyalur,17/10/2024,35.05
Ariyalur,18/10/2024,32.8
Ariyalur,19/10/2024,29.92
Ariyalur,20/10/2024,35.65
Ariyalur,21/10/2024,30.62
Ariyalur,22/10/2024,31.01
Ariyalur,23/10/2024,32.36
Ariyalur,24/10/2024,34.79
Ariyalur,25/10/2024,33.39
Ariyalur,26/10/2024,32.51
Ariyalur,27/10/2024,32.6
Ariyalur,28/10/2024,31.77
Ariyalur,29/10/2024,32.79
Ariyalur,30/10/2024,26.62
Ariyalur,31/10/2024,31.08
Ariyalur,01/11/2024,32.16
Ariyalur,02/11/2024,29.38
Ariyalur,03/11/2024,32.45
Ariyalur,04/11/2024,31.27
Ariyalur,05/11/2024,35.19
Ariyalur,06/11/2024,34.82
Ariyalur,07/11/2024,30.75
Ariyalur,08/11/2024,31.38
Ariyalur,09/11/2024,31.53
Ariyalur,10/11/2024,30.77
Ariyalur,11/11/2024,32.07
Ariyalur,12/11/2024,30.16
Ariyalur,13/11/2024,29.42
Ariyalur,14/11/2024,32.92
Ariyalur,15/11/2024,32.94
Ariyalur,16/11/2024,30.07
Ariyalur,17/11/2024,33.47
Ariyalur,18/11/2024,30.41
Ariyalur,19/11/2024,32.18
Ariyalur,20/11/2024,33.32
Ariyalur,21/11/2024,31.61
Ariyalur,22/11/2024,32.59
Ariyalur,23/11/2024,30.65
Ariyalur,24/11/2024,31.29
Ariyalur,25/11/2024,31.27
Ariyalur,26/11/2024,30.18
Ariyalur,27/11/2024,31.32
Ariyalur,28/11/2024,28.58
Ariyalur,29/11/2024,30.7
Ariyalur,30/11/2024,31.11
Ariyalur,01/12/2024,31.17
Ariyalur,02/12/2024,31.2
Ariyalur,03/12/2024,31.55
Ariyalur,04/12/2024,32.64
Ariyalur,05/12/2024,33.43
Ariyalur,06/12/2024,30.38
Ariyalur,07/12/2024,29.27
Ariyalur,08/12/2024,29.59
Ariyalur,09/12/2024,30.7
Ariyalur,10/12/2024,30.97
Ariyalur,11/12/2024,30.14
Ariyalur,12/12/2024,29.09
Ariyalur,13/12/2024,30.77
Ariyalur,14/12/2024,32.04
Ariyalur,15/12/2024,32.87
Ariyalur,16/12/2024,30.56
Ariyalur,17/12/2024,30.85
Ariyalur,18/12/2024,29.82
Ariyalur,19/12/2024,31.62
Ariyalur,20/12/2024,29.98
Ariyalur,21/12/2024,32.82
Ariyalur,22/12/2024,28.11
Ariyalur,23/12/2024,30.96
Ariyalur,24/12/2024,32.28
Ariyalur,25/12/2024,32.05
Ariyalur,26/12/2024,37.06
Ariyalur,27/12/2024,32.38
Ariyalur,28/12/2024,29.67
Ariyalur,29/12/2024,31.49
Ariyalur,30/12/2024,28.13
Ariyalur,31/12/2024,31.52
Ariyalur,01/01/2025,30.01
Ariyalur,02/01/2025,33.51
Ariyalur,03/01/2025,30.58
Ariyalur,04/01/2025,31.44
Ariyalur,05/01/2025,30.41
Ariyalur,06/01/2025,35.16
Ariyalur,07/01/2025,31.04
Ariyalur,08/01/2025,35.34
Ariyalur,09/01/2025,33.31
Ariyalur,10/01/2025,32.64
Ariyalur,11/01/2025,32.42
Ariyalur,12/01/2025,32.47
Ariyalur,13/01/2025,27.82
Ariyalur,14/01/2025,31.12
Ariyalur,15/01/2025,33.37
Ariyalur,16/01/2025,31.58
Ariyalur,17/01/2025,28.87
Ariyalur,18/01/2025,31.57
Ariyalur,19/01/2025,35.09
Ariyalur,20/01/2025,34.17
Ariyalur,21/01/2025,31.55
Ariyalur,22/01/2025,33.58
Ariyalur,23/01/2025,30.95
Ariyalur,24/01/2025,28.27
Ariyalur,25/01/2025,29.83
Ariyalur,26/01/2025,34.8
Ariyalur,27/01/2025,31.13
Ariyalur,28/01/2025,31.19
Ariyalur,29/01/2025,31.08
Ariyalur,30/01/2025,35.49
Ariyalur,31/01/2025,34.93
Ariyalur,01/02/2025,36.12
Ariyalur,02/02/2025,31.36
Ariyalur,03/02/2025,32.27
Ariyalur,04/02/2025,28.64
Ariyalur,05/02/2025,34.63
Ariyalur,06/02/2025,29.34
Ariyalur,07/02/2025,32.11
Ariyalur,08/02/2025,29.48
Ariyalur,09/02/2025,30.5
Ariyalur,10/02/2025,30.0
Ariyalur,11/02/2025,30.46
Ariyalur,12/02/2025,30.6
Ariyalur,13/02/2025,30.58
Ariyalur,14/02/2025,33.34
Ariyalur,15/02/2025,29.47
Ariyalur,16/02/2025,32.12
Ariyalur,17/02/2025,34.11
Ariyalur,18/02/2025,30.65
Ariyalur,19/02/2025,30.24
Ariyalur,20/02/2025,31.22
Ariyalur,21/02/2025,34.04
Ariyalur,22/02/2025,32.07
Ariyalur,23/02/2025,30.62
Ariyalur,24/02/2025,32.65
Ariyalur,25/02/2025,29.47
Ariyalur,26/02/2025,33.04
Ariyalur,27/02/2025,32.5
Ariyalur,28/02/2025,31.06
Ariyalur,01/03/2025,30.0
Ariyalur,02/03/2025,29.9
Ariyalur,03/03/2025,32.75
Ariyalur,04/03/2025,34.14
Ariyalur,05/03/2025,30.4
Ariyalur,06/03/2025,32.59
Ariyalur,07/03/2025,27.5
Ariyalur,08/03/2025,30.51
Ariyalur,09/03/2025,31.62
Ariyalur,10/03/2025,29.86
Ariyalur,11/03/2025,29.81
Ariyalur,12/03/2025,30.34
Ariyalur,13/03/2025,32.26
Ariyalur,14/03/2025,31.3
Ariyalur,15/03/2025,27.2
Ariyalur,16/03/2025,27.44
Ariyalur,17/03/2025,30.46
Ariyalur,18/03/2025,32.59
Ariyalur,19/03/2025,26.18
Ariyalur,20/03/2025,30.68
Ariyalur,21/03/2025,30.63
Ariyalur,22/03/2025,34.45
Ariyalur,23/03/2025,30.91
Ariyalur,24/03/2025,32.44
Ariyalur,25/03/2025,31.96
Ariyalur,26/03/2025,27.42
Ariyalur,27/03/2025,33.21
Ariyalur,28/03/2025,32.11
Ariyalur,29/03/2025,32.69
Ariyalur,30/03/2025,39.53
Ariyalur,31/03/2025,27.51
Ariyalur,01/04/2025,35.13
Ariyalur,02/04/2025,31.1
Ariyalur,03/04/2025,32.25
Ariyalur,04/04/2025,31.59
Ariyalur,05/04/2025,30.83
Ariyalur,06/04/2025,30.54
Ariyalur,07/04/2025,32.34
Ariyalur,08/04/2025,28.64
Ariyalur,09/04/2025,33.18
Ariyalur,10/04/2025,30.85
Ariyalur,11/04/2025,29.42
Ariyalur,12/04/2025,30.78
Ariyalur,13/04/2025,34.19
Ariyalur,14/04/2025,30.61
Ariyalur,15/04/2025,32.4
Ariyalur,16/04/2025,30.22
Ariyalur,17/04/2025,33.19
Ariyalur,18/04/2025,33.05
Ariyalur,19/04/2025,35.38
Ariyalur,20/04/2025,31.33
Ariyalur,21/04/2025,33.02
Ariyalur,22/04/2025,31.87
Ariyalur,23/04/2025,34.27
Ariyalur,24/04/2025,30.24
Ariyalur,25/04/2025,33.17
Ariyalur,26/04/2025,31.29
Ariyalur,27/04/2025,31.55
Ariyalur,28/04/2025,31.86
Ariyalur,29/04/2025,32.18
Ariyalur,30/04/2025,31.45
Ariyalur,01/05/2025,32.11
Ariyalur,02/05/2025,34.83
Ariyalur,03/05/2025,33.65
Ariyalur,04/05/2025,33.42
Ariyalur,05/05/2025,30.77
Ariyalur,06/05/2025,29.9
Ariyalur,07/05/2025,33.59
Ariyalur,08/05/2025,33.43
Ariyalur,09/05/2025,34.62
Ariyalur,10/05/2025,30.47
Ariyalur,11/05/2025,31.22
Ariyalur,12/05/2025,28.4
Ariyalur,13/05/2025,30.89
Ariyalur,14/05/2025,33.67
Ariyalur,15/05/2025,30.75
Ariyalur,16/05/2025,32.96
Ariyalur,17/05/2025,31.3
Ariyalur,18/05/2025,32.33
Ariyalur,19/05/2025,29.38
Ariyalur,20/05/2025,31.85
Ariyalur,21/05/2025,25.7
Ariyalur,22/05/2025,31.3
Ariyalur,23/05/2025,28.42
Ariyalur,24/05/2025,34.09
Ariyalur,25/05/2025,33.23
Ariyalur,26/05/2025,32.61
Ariyalur,27/05/2025,34.72
Namakkal,28/05/2023,32.75
Namakkal,29/05/2023,33.02
Namakkal,30/05/2023,32.89
Namakkal,31/05/2023,29.38
Namakkal,01/06/2023,28.2
Namakkal,02/06/2023,28.51
Namakkal,03/06/2023,31.08
Namakkal,04/06/2023,32.81
Namakkal,05/06/2023,29.41
Namakkal,06/06/2023,33.47
Namakkal,07/06/2023,30.61
Namakkal,08/06/2023,30.63
Namakkal,09/06/2023,29.95
Namakkal,10/06/2023,27.85
Namakkal,11/06/2023,32.08
Namakkal,12/06/2023,35.04
Namakkal,13/06/2023,31.49
Namakkal,14/06/2023,27.92
Namakkal,15/06/2023,33.18
Namakkal,16/06/2023,28.37
Namakkal,17/06/2023,29.2
Namakkal,18/06/2023,31.14
Namakkal,19/06/2023,31.86
Namakkal,20/06/2023,29.6
Namakkal,21/06/2023,31.06
Namakkal,22/06/2023,33.05
Namakkal,23/06/2023,33.32
Namakkal,24/06/2023,34.12
Namakkal,25/06/2023,35.44
Namakkal,26/06/2023,33.24
Namakkal,27/06/2023,31.18
Namakkal,28/06/2023,33.34
Namakkal,29/06/2023,32.55
Namakkal,30/06/2023,32.63
Namakkal,01/07/2023,31.97
Namakkal,02/07/2023,29.79
Namakkal,03/07/2023,29.56
Namakkal,04/07/2023,31.42
Namakkal,05/07/2023,31.92
Namakkal,06/07/2023,30.26
Namakkal,07/07/2023,32.46
Namakkal,08/07/2023,35.78
Namakkal,09/07/2023,28.13
Namakkal,10/07/2023,32.78
Namakkal,11/07/2023,31.49
Namakkal,12/07/2023,32.52
Namakkal,13/07/2023,30.76
Namakkal,14/07/2023,31.33
Namakkal,15/07/2023,31.88
Namakkal,16/07/2023,31.01
Namakkal,17/07/2023,28.58
Namakkal,18/07/2023,31.15
Namakkal,19/07/2023,28.78
Namakkal,20/07/2023,32.92
Namakkal,21/07/2023,27.89
Namakkal,22/07/2023,33.67
Namakkal,23/07/2023,32.48
Namakkal,24/07/2023,32.48
Namakkal,25/07/2023,27.29
Namakkal,26/07/2023,30.96
Namakkal,27/07/2023,33.92
Namakkal,28/07/2023,30.58
Namakkal,29/07/2023,29.46
Namakkal,30/07/2023,30.34
Namakkal,31/07/2023,31.48
Namakkal,01/08/2023,29.91
Namakkal,02/08/2023,34.09
Namakkal,03/08/2023,31.49
Namakkal,04/08/2023,30.51
Namakkal,05/08/2023,29.01
Namakkal,06/08/2023,32.59
Namakkal,07/08/2023,32.54
Namakkal,08/08/2023,30.03
Namakkal,09/08/2023,27.14
Namakkal,10/08/2023,32.44
Namakkal,11/08/2023,31.24
Namakkal,12/08/2023,32.29
Namakkal,13/08/2023,35.53
Namakkal,14/08/2023,31.56
Namakkal,15/08/2023,30.59
Namakkal,16/08/2023,29.32
Namakkal,17/08/2023,30.99
Namakkal,18/08/2023,31.94
Namakkal,19/08/2023,31.72
Namakkal,20/08/2023,35.06
Namakkal,21/08/2023,32.62
Namakkal,22/08/2023,31.35
Namakkal,23/08/2023,30.2
Namakkal,24/08/2023,32.15
Namakkal,25/08/2023,29.8
Namakkal,26/08/2023,31.98
Namakkal,27/08/2023,32.59
Namakkal,28/08/2023,31.18
Namakkal,29/08/2023,30.36
Namakkal,30/08/2023,27.25
Namakkal,31/08/2023,33.91
Namakkal,01/09/2023,32.42
Namakkal,02/09/2023,32.47
Namakkal,03/09/2023,28.49
Namakkal,04/09/2023,34.38
Namakkal,05/09/2023,30.69
Namakkal,06/09/2023,31.04
Namakkal,07/09/2023,29.48
Namakkal,08/09/2023,28.04
Namakkal,09/09/2023,33.93
Namakkal,10/09/2023,34.19
Namakkal,11/09/2023,31.29
Namakkal,12/09/2023,30.26
Namakkal,13/09/2023,30.86
Namakkal,14/09/2023,30.92
Namakkal,15/09/2023,29.22
Namakkal,16/09/2023,31.03
Namakkal,17/09/2023,31.92
Namakkal,18/09/2023,33.65
Namakkal,19/09/2023,31.65
Namakkal,20/09/2023,28.46
Namakkal,21/09/2023,32.32
Namakkal,22/09/2023,31.11
Namakkal,23/09/2023,34.36
Namakkal,24/09/2023,34.48
Namakkal,25/09/2023,34.55
Namakkal,26/09/2023,30.49
Namakkal,27/09/2023,35.6
Namakkal,28/09/2023,32.32
Namakkal,29/09/2023,34.87
Namakkal,30/09/2023,30.61
Namakkal,01/10/2023,31.02
Namakkal,02/10/2023,32.17
Namakkal,03/10/2023,31.92
Namakkal,04/10/2023,34.13
Namakkal,05/10/2023,31.15
Namakkal,06/10/2023,33.95
Namakkal,07/10/2023,33.08
Namakkal,08/10/2023,31.19
Namakkal,09/10/2023,32.93
Namakkal,10/10/2023,30.67
Namakkal,11/10/2023,36.32
Namakkal,12/10/2023,26.29
Namakkal,13/10/2023,32.96
Namakkal,14/10/2023,28.09
Namakkal,15/10/2023,31.17
Namakkal,16/10/2023,31.45
Namakkal,17/10/2023,34.63
Namakkal,18/10/2023,30.23
Namakkal,19/10/2023,34.23
Namakkal,20/10/2023,29.26
Namakkal,21/10/2023,34.31
Namakkal,22/10/2023,30.67
Namakkal,23/10/2023,31.76
Namakkal,24/10/2023,30.94
Namakkal,25/10/2023,34.18
Namakkal,26/10/2023,33.79
Namakkal,27/10/2023,32.5
Namakkal,28/10/2023,29.31
Namakkal,29/10/2023,30.19
Namakkal,30/10/2023,29.56
Namakkal,31/10/2023,27.12
Namakkal,01/11/2023,34.14
Namakkal,02/11/2023,30.96
Namakkal,03/11/2023,30.94
Namakkal,04/11/2023,34.61
Namakkal,05/11/2023,30.67
Namakkal,06/11/2023,29.94
Namakkal,07/11/2023,31.17
Namakkal,08/11/2023,29.35
Namakkal,09/11/2023,32.31
Namakkal,10/11/2023,30.87
Namakkal,11/11/2023,30.6
Namakkal,12/11/2023,30.43
Namakkal,13/11/2023,31.4
Namakkal,14/11/2023,31.78
Namakkal,15/11/2023,30.58
Namakkal,16/11/2023,30.9
Namakkal,17/11/2023,31.45
Namakkal,18/11/2023,31.25
Namakkal,19/11/2023,31.68
Namakkal,20/11/2023,30.26
Namakkal,21/11/2023,33.63
Namakkal,22/11/2023,31.81
Namakkal,23/11/2023,30.61
Namakkal,24/11/2023,32.31
Namakkal,25/11/2023,31.47
Namakkal,26/11/2023,28.15
Namakkal,27/11/2023,32.3
Namakkal,28/11/2023,29.58
Namakkal,29/11/2023,33.49
Namakkal,30/11/2023,31.13
Namakkal,01/12/2023,33.18
Namakkal,02/12/2023,30.36
Namakkal,03/12/2023,31.76
Namakkal,04/12/2023,34.04
Namakkal,05/12/2023,31.08
Namakkal,06/12/2023,30.44
Namakkal,07/12/2023,32.93
Namakkal,08/12/2023,32.89
Namakkal,09/12/2023,30.52
Namakkal,10/12/2023,27.65
Namakkal,11/12/2023,30.4
Namakkal,12/12/2023,32.97
Namakkal,13/12/2023,30.07
Namakkal,14/12/2023,31.6
Namakkal,15/12/2023,30.3
Namakkal,16/12/2023,27.75
Namakkal,17/12/2023,30.27
Namakkal,18/12/2023,32.96
Namakkal,19/12/2023,26.88
Namakkal,20/12/2023,32.12
Namakkal,21/12/2023,29.25
Namakkal,22/12/2023,32.83
Namakkal,23/12/2023,33.05
Namakkal,24/12/2023,31.27
Namakkal,25/12/2023,31.28
Namakkal,26/12/2023,30.0
Namakkal,27/12/2023,28.93
Namakkal,28/12/2023,35.01
Namakkal,29/12/2023,29.89
Namakkal,30/12/2023,34.75
Namakkal,31/12/2023,29.9
Namakkal,01/01/2024,32.67
Namakkal,02/01/2024,29.34
Namakkal,03/01/2024,32.66
Namakkal,04/01/2024,30.97
Namakkal,05/01/2024,30.99
Namakkal,06/01/2024,32.84
Namakkal,07/01/2024,30.68
Namakkal,08/01/2024,28.76
Namakkal,09/01/2024,33.14
Namakkal,10/01/2024,29.33
Namakkal,11/01/2024,32.65
Namakkal,12/01/2024,33.56
Namakkal,13/01/2024,30.87
Namakkal,14/01/2024,33.98
Namakkal,15/01/2024,32.58
Namakkal,16/01/2024,30.23
Namakkal,17/01/2024,34.42
Namakkal,18/01/2024,29.33
Namakkal,19/01/2024,30.86
Namakkal,20/01/2024,31.2
Namakkal,21/01/2024,32.83
Namakkal,22/01/2024,33.85
Namakkal,23/01/2024,33.72
Namakkal,24/01/2024,32.06
Namakkal,25/01/2024,31.06
Namakkal,26/01/2024,27.97
Namakkal,27/01/2024,28.99
Namakkal,28/01/2024,35.15
Namakkal,29/01/2024,27.95
Namakkal,30/01/2024,30.05
Namakkal,31/01/2024,33.91
Namakkal,01/02/2024,32.04
Namakkal,02/02/2024,33.47
Namakkal,03/02/2024,32.7
Namakkal,04/02/2024,34.56
Namakkal,05/02/2024,32.21
Namakkal,06/02/2024,32.94
Namakkal,07/02/2024,30.17
Namakkal,08/02/2024,32.79
Namakkal,09/02/2024,30.83
Namakkal,10/02/2024,30.71
Namakkal,11/02/2024,33.41
Namakkal,12/02/2024,33.42
Namakkal,13/02/2024,34.99
Namakkal,14/02/2024,34.86
Namakkal,15/02/2024,33.45
Namakkal,16/02/2024,28.18
Namakkal,17/02/2024,35.27
Namakkal,18/02/2024,33.45
Namakkal,19/02/2024,30.09
Namakkal,20/02/2024,33.08
Namakkal,21/02/2024,29.54
Namakkal,22/02/2024,32.85
Namakkal,23/02/2024,28.98
Namakkal,24/02/2024,30.0
Namakkal,25/02/2024,33.04
Namakkal,26/02/2024,33.76
Namakkal,27/02/2024,32.27
Namakkal,28/02/2024,31.05
Namakkal,29/02/2024,27.39
Namakkal,01/03/2024,31.2
Namakkal,02/03/2024,32.68
Namakkal,03/03/2024,30.98
Namakkal,04/03/2024,31.57
Namakkal,05/03/2024,31.25
Namakkal,06/03/2024,30.97
Namakkal,07/03/2024,31.77
Namakkal,08/03/2024,31.07
Namakkal,09/03/2024,34.5
Namakkal,10/03/2024,27.2
Namakkal,11/03/2024,30.53
Namakkal,12/03/2024,29.88
Namakkal,13/03/2024,32.06
Namakkal,14/03/2024,31.77
Namakkal,15/03/2024,34.86
Namakkal,16/03/2024,35.52
Namakkal,17/03/2024,30.07
Namakkal,18/03/2024,31.62
Namakkal,19/03/2024,32.01
Namakkal,20/03/2024,30.02
Namakkal,21/03/2024,32.87
Namakkal,22/03/2024,31.14
Namakkal,23/03/2024,29.48
Namakkal,24/03/2024,31.06
Namakkal,25/03/2024,29.62
Namakkal,26/03/2024,33.69
Namakkal,27/03/2024,35.42
Namakkal,28/03/2024,32.11
Namakkal,29/03/2024,31.84
Namakkal,30/03/2024,31.92
Namakkal,31/03/2024,33.98
Namakkal,01/04/2024,33.94
Namakkal,02/04/2024,31.39
Namakkal,03/04/2024,32.12
Namakkal,04/04/2024,32.92
Namakkal,05/04/2024,29.34
Namakkal,06/04/2024,34.04
Namakkal,07/04/2024,35.09
Namakkal,08/04/2024,33.95
Namakkal,09/04/2024,29.13
Namakkal,10/04/2024,27.68
Namakkal,11/04/2024,33.03
Namakkal,12/04/2024,30.1
Namakkal,13/04/2024,32.19
Namakkal,14/04/2024,34.69
Namakkal,15/04/2024,30.3
Namakkal,16/04/2024,30.86
Namakkal,17/04/2024,32.17
Namakkal,18/04/2024,29.02
Namakkal,19/04/2024,30.1
Namakkal,20/04/2024,31.67
Namakkal,21/04/2024,31.02
Namakkal,22/04/2024,32.83
Namakkal,23/04/2024,37.15
Namakkal,24/04/2024,31.82
Namakkal,25/04/2024,29.93
Namakkal,26/04/2024,34.45
Namakkal,27/04/2024,28.44
Namakkal,28/04/2024,28.84
Namakkal,29/04/2024,30.43
Namakkal,30/04/2024,31.05
Namakkal,01/05/2024,30.38
Namakkal,02/05/2024,31.55
Namakkal,03/05/2024,32.17
Namakkal,04/05/2024,33.76
Namakkal,05/05/2024,31.8
Namakkal,06/05/2024,30.49
Namakkal,07/05/2024,33.65
Namakkal,08/05/2024,29.98
Namakkal,09/05/2024,28.35
Namakkal,10/05/2024,34.03
Namakkal,11/05/2024,33.9
Namakkal,12/05/2024,30.03
Namakkal,13/05/2024,30.82
Namakkal,14/05/2024,29.78
Namakkal,15/05/2024,32.27
Namakkal,16/05/2024,35.08
Namakkal,17/05/2024,33.02
Namakkal,18/05/2024,33.69
Namakkal,19/05/2024,33.26
Namakkal,20/05/2024,31.62
Namakkal,21/05/2024,33.78
Namakkal,22/05/2024,33.11
Namakkal,23/05/2024,34.5
Namakkal,24/05/2024,30.7
Namakkal,25/05/2024,28.14
Namakkal,26/05/2024,33.71
Namakkal,27/05/2024,32.32
Namakkal,28/05/2024,31.03
Namakkal,29/05/2024,31.14
Namakkal,30/05/2024,36.73
Namakkal,31/05/2024,30.33
Namakkal,01/06/2024,29.91
Namakkal,02/06/2024,31.79
Namakkal,03/06/2024,33.98
Namakkal,04/06/2024,36.17
Namakkal,05/06/2024,32.93
Namakkal,06/06/2024,29.08
Namakkal,07/06/2024,35.56
Namakkal,08/06/2024,31.58
Namakkal,09/06/2024,29.94
Namakkal,10/06/2024,29.46
Namakkal,11/06/2024,33.29
Namakkal,12/06/2024,32.1
Namakkal,13/06/2024,32.31
Namakkal,14/06/2024,34.19
Namakkal,15/06/2024,30.01
Namakkal,16/06/2024,34.35
Namakkal,17/06/2024,30.58
Namakkal,18/06/2024,35.95
Namakkal,19/06/2024,32.81
Namakkal,20/06/2024,29.78
Namakkal,21/06/2024,27.57
Namakkal,22/06/2024,33.24
Namakkal,23/06/2024,30.87
Namakkal,24/06/2024,31.31
Namakkal,25/06/2024,33.15
Namakkal,26/06/2024,33.64
Namakkal,27/06/2024,34.06
Namakkal,28/06/2024,29.27
Namakkal,29/06/2024,34.47
Namakkal,30/06/2024,30.46
Namakkal,01/07/2024,27.1
Namakkal,02/07/2024,29.26
Namakkal,03/07/2024,32.05
Namakkal,04/07/2024,29.66
Namakkal,05/07/2024,31.44
Namakkal,06/07/2024,32.29
Namakkal,07/07/2024,31.25
Namakkal,08/07/2024,30.63
Namakkal,09/07/2024,29.12
Namakkal,10/07/2024,31.66
Namakkal,11/07/2024,27.49
Namakkal,12/07/2024,30.25
Namakkal,13/07/2024,29.76
Namakkal,14/07/2024,31.14
Namakkal,15/07/2024,31.19
Namakkal,16/07/2024,33.54
Namakkal,17/07/2024,34.78
Namakkal,18/07/2024,29.38
Namakkal,19/07/2024,35.6
Namakkal,20/07/2024,30.06
Namakkal,21/07/2024,31.96
Namakkal,22/07/2024,32.64
Namakkal,23/07/2024,36.51
Namakkal,24/07/2024,30.53
Namakkal,25/07/2024,28.02
Namakkal,26/07/2024,34.6
Namakkal,27/07/2024,29.95
Namakkal,28/07/2024,30.89
Namakkal,29/07/2024,29.38
Namakkal,30/07/2024,30.9
Namakkal,31/07/2024,29.94
Namakkal,01/08/2024,32.97
Namakkal,02/08/2024,31.78
Namakkal,03/08/2024,30.26
Namakkal,04/08/2024,33.61
Namakkal,05/08/2024,32.13
Namakkal,06/08/2024,27.93
Namakkal,07/08/2024,33.46
Namakkal,08/08/2024,31.99
Namakkal,09/08/2024,34.4
Namakkal,10/08/2024,31.87
Namakkal,11/08/2024,30.03
Namakkal,12/08/2024,31.21
Namakkal,13/08/2024,33.23
Namakkal,14/08/2024,30.08
Namakkal,15/08/2024,30.74
Namakkal,16/08/2024,31.17
Namakkal,17/08/2024,29.32
Namakkal,18/08/2024,30.1
Namakkal,19/08/2024,31.96
Namakkal,20/08/2024,34.02
Namakkal,21/08/2024,32.25
Namakkal,22/08/2024,31.53
Namakkal,23/08/2024,29.95
Namakkal,24/08/2024,33.81
Namakkal,25/08/2024,32.48
Namakkal,26/08/2024,30.2
Namakkal,27/08/2024,33.41
Namakkal,28/08/2024,32.74
Namakkal,29/08/2024,29.99
Namakkal,30/08/2024,31.41
Namakkal,31/08/2024,30.63
Namakkal,01/09/2024,36.88
Namakkal,02/09/2024,32.68
Namakkal,03/09/2024,31.99
Namakkal,04/09/2024,32.56
Namakkal,05/09/2024,34.38
Namakkal,06/09/2024,31.45
Namakkal,07/09/2024,30.44
Namakkal,08/09/2024,33.31
Namakkal,09/09/2024,31.27
Namakkal,10/09/2024,29.48
Namakkal,11/09/2024,29.09
Namakkal,12/09/2024,34.68
Namakkal,13/09/2024,31.88
Namakkal,14/09/2024,30.44
Namakkal,15/09/2024,31.15
Namakkal,16/09/2024,33.23
Namakkal,17/09/2024,31.03
Namakkal,18/09/2024,28.72
Namakkal,19/09/2024,32.27
Namakkal,20/09/2024,34.03
Namakkal,21/09/2024,33.9
Namakkal,22/09/2024,30.5
Namakkal,23/09/2024,34.16
Namakkal,24/09/2024,32.04
Namakkal,25/09/2024,34.1
Namakkal,26/09/2024,32.76
Namakkal,27/09/2024,28.57
Namakkal,28/09/2024,35.11
Namakkal,29/09/2024,31.72
Namakkal,30/09/2024,32.77
Namakkal,01/10/2024,28.93
Namakkal,02/10/2024,32.63
Namakkal,03/10/2024,33.82
Namakkal,04/10/2024,35.49
Namakkal,05/10/2024,34.42
Namakkal,06/10/2024,32.73
Namakkal,07/10/2024,28.53
Namakkal,08/10/2024,31.88
Namakkal,09/10/2024,30.43
Namakkal,10/10/2024,32.09
Namakkal,11/10/2024,29.18
Namakkal,12/10/2024,31.2
Namakkal,13/10/2024,30.58
Namakkal,14/10/2024,30.52
Namakkal,15/10/2024,30.54
Namakkal,16/10/2024,31.35
Namakkal,17/10/2024,32.19
Namakkal,18/10/2024,26.62
Namakkal,19/10/2024,26.86
Namakkal,20/10/2024,30.94
Namakkal,21/10/2024,31.22
Namakkal,22/10/2024,32.0
Namakkal,23/10/2024,30.16
Namakkal,24/10/2024,31.64
Namakkal,25/10/2024,31.87
Namakkal,26/10/2024,30.15
Namakkal,27/10/2024,33.64
Namakkal,28/10/2024,31.97
Namakkal,29/10/2024,32.71
Namakkal,30/10/2024,31.76
Namakkal,31/10/2024,35.82
Namakkal,01/11/2024,32.81
Namakkal,02/11/2024,30.64
Namakkal,03/11/2024,33.26
Namakkal,04/11/2024,28.34
Namakkal,05/11/2024,31.86
Namakkal,06/11/2024,32.26
Namakkal,07/11/2024,31.88
Namakkal,08/11/2024,30.95
Namakkal,09/11/2024,29.59
Namakkal,10/11/2024,30.04
Namakkal,11/11/2024,31.82
Namakkal,12/11/2024,29.39
Namakkal,13/11/2024,35.16
Namakkal,14/11/2024,26.34
Namakkal,15/11/2024,30.97
Namakkal,16/11/2024,31.84
Namakkal,17/11/2024,32.63
Namakkal,18/11/2024,29.79
Namakkal,19/11/2024,33.89
Namakkal,20/11/2024,28.83
Namakkal,21/11/2024,30.49
Namakkal,22/11/2024,32.86
Namakkal,23/11/2024,33.7
Namakkal,24/11/2024,28.81
Namakkal,25/11/2024,36.91
Namakkal,26/11/2024,29.82
Namakkal,27/11/2024,28.99
Namakkal,28/11/2024,32.62
Namakkal,29/11/2024,30.92
Namakkal,30/11/2024,30.63
Namakkal,01/12/2024,32.81
Namakkal,02/12/2024,28.56
Namakkal,03/12/2024,28.21
Namakkal,04/12/2024,30.42
Namakkal,05/12/2024,33.77
Namakkal,06/12/2024,30.51
Namakkal,07/12/2024,34.82
Namakkal,08/12/2024,34.02
Namakkal,09/12/2024,32.18
Namakkal,10/12/2024,32.3
Namakkal,11/12/2024,32.18
Namakkal,12/12/2024,31.94
Namakkal,13/12/2024,30.88
Namakkal,14/12/2024,31.12
Namakkal,15/12/2024,29.48
Namakkal,16/12/2024,27.2
Namakkal,17/12/2024,33.83
Namakkal,18/12/2024,31.93
Namakkal,19/12/2024,31.63
Namakkal,20/12/2024,32.41
Namakkal,21/12/2024,29.96
Namakkal,22/12/2024,29.62
Namakkal,23/12/2024,31.05
Namakkal,24/12/2024,34.35
Namakkal,25/12/2024,29.28
Namakkal,26/12/2024,26.36
Namakkal,27/12/2024,30.57
Namakkal,28/12/2024,33.9
Namakkal,29/12/2024,28.15
Namakkal,30/12/2024,29.26
Namakkal,31/12/2024,32.14
Namakkal,01/01/2025,36.76
Namakkal,02/01/2025,28.9
Namakkal,03/01/2025,28.82
Namakkal,04/01/2025,32.29
Namakkal,05/01/2025,34.03
Namakkal,06/01/2025,30.37
Namakkal,07/01/2025,28.37
Namakkal,08/01/2025,32.48
Namakkal,09/01/2025,32.85
Namakkal,10/01/2025,35.17
Namakkal,11/01/2025,32.93
Namakkal,12/01/2025,33.27
Namakkal,13/01/2025,31.09
Namakkal,14/01/2025,36.5
Namakkal,15/01/2025,30.82
Namakkal,16/01/2025,30.39
Namakkal,17/01/2025,35.24
Namakkal,18/01/2025,28.67
Namakkal,19/01/2025,27.92
Namakkal,20/01/2025,31.86
Namakkal,21/01/2025,31.61
Namakkal,22/01/2025,31.16
Namakkal,23/01/2025,33.61
Namakkal,24/01/2025,29.8
Namakkal,25/01/2025,31.75
Namakkal,26/01/2025,30.9
Namakkal,27/01/2025,29.84
Namakkal,28/01/2025,31.49
Namakkal,29/01/2025,33.32
Namakkal,30/01/2025,35.86
Namakkal,31/01/2025,32.78
Namakkal,01/02/2025,26.6
Namakkal,02/02/2025,31.54
Namakkal,03/02/2025,31.72
Namakkal,04/02/2025,33.49
Namakkal,05/02/2025,31.99
Namakkal,06/02/2025,34.12
Namakkal,07/02/2025,32.4
Namakkal,08/02/2025,34.74
Namakkal,09/02/2025,30.74
Namakkal,10/02/2025,31.91
Namakkal,11/02/2025,33.27
Namakkal,12/02/2025,30.47
Namakkal,13/02/2025,30.04
Namakkal,14/02/2025,30.36
Namakkal,15/02/2025,30.12
Namakkal,16/02/2025,32.66
Namakkal,17/02/2025,27.95
Namakkal,18/02/2025,28.51
Namakkal,19/02/2025,35.34
Namakkal,20/02/2025,30.17
Namakkal,21/02/2025,32.02
Namakkal,22/02/2025,28.64
Namakkal,23/02/2025,31.81
Namakkal,24/02/2025,30.18
Namakkal,25/02/2025,28.49
Namakkal,26/02/2025,34.29
Namakkal,27/02/2025,33.98
Namakkal,28/02/2025,31.4
Namakkal,01/03/2025,33.62
Namakkal,02/03/2025,35.42
Namakkal,03/03/2025,33.13
Namakkal,04/03/2025,32.58
Namakkal,05/03/2025,32.02
Namakkal,06/03/2025,32.92
Namakkal,07/03/2025,30.89
Namakkal,08/03/2025,31.06
Namakkal,09/03/2025,32.52
Namakkal,10/03/2025,30.67
Namakkal,11/03/2025,30.89
Namakkal,12/03/2025,31.62
Namakkal,13/03/2025,33.92
Namakkal,14/03/2025,29.35
Namakkal,15/03/2025,33.14
Namakkal,16/03/2025,33.2
Namakkal,17/03/2025,33.19
Namakkal,18/03/2025,30.0
Namakkal,19/03/2025,28.23
Namakkal,20/03/2025,32.74
Namakkal,21/03/2025,31.99
Namakkal,22/03/2025,33.63
Namakkal,23/03/2025,30.22
Namakkal,24/03/2025,33.14
Namakkal,25/03/2025,33.73
Namakkal,26/03/2025,31.43
Namakkal,27/03/2025,32.45
Namakkal,28/03/2025,32.38
Namakkal,29/03/2025,29.97
Namakkal,30/03/2025,32.68
Namakkal,31/03/2025,34.86
Namakkal,01/04/2025,31.66
Namakkal,02/04/2025,28.7
Namakkal,03/04/2025,30.24
Namakkal,04/04/2025,28.06
Namakkal,05/04/2025,34.2
Namakkal,06/04/2025,33.15
Namakkal,07/04/2025,30.61
Namakkal,08/04/2025,28.78
Namakkal,09/04/2025,29.95
Namakkal,10/04/2025,30.34
Namakkal,11/04/2025,31.84
Namakkal,12/04/2025,31.77
Namakkal,13/04/2025,34.3
Namakkal,14/04/2025,30.23
Namakkal,15/04/2025,28.6
Namakkal,16/04/2025,29.3
Namakkal,17/04/2025,31.57
Namakkal,18/04/2025,30.16
Namakkal,19/04/2025,31.03
Namakkal,20/04/2025,30.71
Namakkal,21/04/2025,33.6
Namakkal,22/04/2025,30.44
Namakkal,23/04/2025,30.86
Namakkal,24/04/2025,33.05
Namakkal,25/04/2025,30.49
Namakkal,26/04/2025,32.46
Namakkal,27/04/2025,32.28
Namakkal,28/04/2025,31.9
Namakkal,29/04/2025,29.35
Namakkal,30/04/2025,34.08
Namakkal,01/05/2025,36.06
Namakkal,02/05/2025,31.64
Namakkal,03/05/2025,29.52
Namakkal,04/05/2025,31.68
Namakkal,05/05/2025,33.6
Namakkal,06/05/2025,30.39
Namakkal,07/05/2025,31.36
Namakkal,08/05/2025,32.3
Namakkal,09/05/2025,34.02
Namakkal,10/05/2025,33.17
Namakkal,11/05/2025,33.25
Namakkal,12/05/2025,30.76
Namakkal,13/05/2025,32.42
Namakkal,14/05/2025,30.17
Namakkal,15/05/2025,33.31
Namakkal,16/05/2025,33.92
Namakkal,17/05/2025,32.72
Namakkal,18/05/2025,30.88
Namakkal,19/05/2025,31.21
Namakkal,20/05/2025,35.23
Namakkal,21/05/2025,30.92
Namakkal,22/05/2025,33.72
Namakkal,23/05/2025,32.3
Namakkal,24/05/2025,30.95
Namakkal,25/05/2025,28.93
Namakkal,26/05/2025,32.04
Namakkal,27/05/2025,31.8
